<?xml version="1.0" encoding="UTF-8"?>

<FLOW VERSION="3.0" CLEANUP="true">
  <COMMENT></COMMENT>

  <!-- nodes -->

<INVOKE TIMEOUT="" SERVICE="pub.xml:xmlStringToXMLNode" VALIDATE-IN="$none" VALIDATE-OUT="$none">
  <COMMENT></COMMENT>

  <!-- nodes -->

<MAP MODE="INPUT">
  <MAPTARGET>

<Values version="2.0">
  <record name="xml" javaclass="com.wm.util.Values">
    <value name="node_type">record</value>
    <value name="field_name">xmlStringToXMLNodeInput</value>
    <value name="field_type">record</value>
    <value name="field_dim">0</value>
    <value name="nillable">true</value>
    <array name="rec_fields" type="record" depth="1">
      <record javaclass="com.wm.util.Values">
        <value name="node_type">unknown</value>
        <value name="field_name">xmldata</value>
        <value name="field_type">string</value>
        <value name="field_dim">0</value>
        <value name="field_opt">true</value>
        <value name="nillable">true</value>
      </record>
      <record javaclass="com.wm.util.Values">
        <value name="node_type">unknown</value>
        <value name="field_name">$filedata</value>
        <value name="field_type">object</value>
        <value name="field_dim">0</value>
        <value name="field_opt">true</value>
        <value name="nillable">true</value>
      </record>
      <record javaclass="com.wm.util.Values">
        <value name="node_type">unknown</value>
        <value name="field_name">$filestream</value>
        <value name="field_type">object</value>
        <value name="field_dim">0</value>
        <value name="field_opt">true</value>
        <value name="nillable">true</value>
      </record>
      <record javaclass="com.wm.util.Values">
        <value name="node_type">unknown</value>
        <value name="field_name">encoding</value>
        <value name="field_type">string</value>
        <value name="field_dim">0</value>
        <value name="field_opt">true</value>
        <value name="nillable">true</value>
      </record>
      <record javaclass="com.wm.util.Values">
        <value name="node_type">unknown</value>
        <value name="field_name">expandDTD</value>
        <value name="field_type">string</value>
        <value name="field_dim">0</value>
        <value name="field_opt">true</value>
        <array name="field_options" type="value" depth="1">
          <value>false</value>
          <value>true</value>
        </array>
        <value name="nillable">true</value>
      </record>
      <record javaclass="com.wm.util.Values">
        <value name="node_type">unknown</value>
        <value name="field_name">isXML</value>
        <value name="field_type">string</value>
        <value name="field_dim">0</value>
        <value name="field_opt">true</value>
        <array name="field_options" type="value" depth="1">
          <value>false</value>
          <value>true</value>
          <value>autoDetect</value>
        </array>
        <value name="nillable">true</value>
      </record>
    </array>
  </record>
</Values>
</MAPTARGET>
  <MAPSOURCE>

<Values version="2.0">
  <record name="xml" javaclass="com.wm.util.Values">
    <value name="node_type">record</value>
    <value name="field_type">record</value>
    <value name="field_dim">0</value>
    <value name="nillable">true</value>
    <array name="rec_fields" type="record" depth="1">
    </array>
  </record>
</Values>
</MAPSOURCE>

  <!-- nodes -->

<MAPSET NAME="Setter" OVERWRITE="true" VARIABLES="false" FIELD="/xmldata;1;0">
  <DATA ENCODING="XMLValues" I18N="true">

<Values version="2.0">
  <value name="xml">&lt;?xml version="1.0"?&gt;
&lt;PartRequisition&gt;
&lt;Header&gt;
  &lt;RequestID&gt;13298412&lt;/RequestID&gt;
  &lt;DateTimeStamp&gt;23-11-2003 21:32&lt;/DateTimeStamp&gt;
  &lt;Requestor&gt;
     &lt;ID&gt;3412499G&lt;/ID&gt;
     &lt;Name&gt;webMethods Europe&lt;/Name&gt;
     &lt;Billing&gt;
        &lt;Account&gt;240985AA424K&lt;/Account&gt;
        &lt;CreditLine&gt;Do not bill&lt;/CreditLine&gt;
        &lt;Terms&gt;n/a&lt;/Terms&gt;
     &lt;/Billing&gt;
  &lt;/Requestor&gt;
  &lt;Supplier&gt;
     &lt;ID&gt;87543Q42&lt;/ID&gt;
     &lt;Name&gt;webMethods Asia&lt;/Name&gt;
  &lt;/Supplier&gt;
&lt;/Header&gt;
&lt;PartsList&gt;
&lt;number_of_items&gt;399&lt;/number_of_items&gt;


&lt;SKU&gt;&lt;SKUID&gt;SKU0001&lt;/SKUID&gt;&lt;qty&gt;14&lt;/qty&gt;&lt;description&gt;Part 
Number:716&lt;/description&gt;&lt;reference_data&gt;x&lt;/reference_data&gt;&lt;unitcost&gt;not 
listed&lt;/unitcost&gt;&lt;/SKU&gt;&lt;SKU&gt;&lt;SKUID&gt;SKU0002&lt;/SKUID&gt;&lt;qty&gt;70&lt;/qty&gt;&lt;description&gt;Part 
Number:66&lt;/description&gt;&lt;reference_data&gt;x&lt;/reference_data&gt;&lt;unitcost&gt;not 
listed&lt;/unitcost&gt;&lt;/SKU&gt;&lt;SKU&gt;&lt;SKUID&gt;SKU0003&lt;/SKUID&gt;&lt;qty&gt;84&lt;/qty&gt;&lt;description&gt;Part 
Number:247&lt;/description&gt;&lt;reference_data&gt;x&lt;/reference_data&gt;&lt;unitcost&gt;not 
listed&lt;/unitcost&gt;&lt;/SKU&gt;&lt;SKU&gt;&lt;SKUID&gt;SKU0004&lt;/SKUID&gt;&lt;qty&gt;8&lt;/qty&gt;&lt;description&gt;Part 
Number:710&lt;/description&gt;&lt;reference_data&gt;x&lt;/reference_data&gt;&lt;unitcost&gt;not 
listed&lt;/unitcost&gt;&lt;/SKU&gt;&lt;SKU&gt;&lt;SKUID&gt;SKU0005&lt;/SKUID&gt;&lt;qty&gt;13&lt;/qty&gt;&lt;description&gt;Part 
Number:18&lt;/description&gt;&lt;reference_data&gt;x&lt;/reference_data&gt;&lt;unitcost&gt;not 
listed&lt;/unitcost&gt;&lt;/SKU&gt;&lt;SKU&gt;&lt;SKUID&gt;SKU0006&lt;/SKUID&gt;&lt;qty&gt;28&lt;/qty&gt;&lt;description&gt;Part 
Number:387&lt;/description&gt;&lt;reference_data&gt;x&lt;/reference_data&gt;&lt;unitcost&gt;not 
listed&lt;/unitcost&gt;&lt;/SKU&gt;&lt;SKU&gt;&lt;SKUID&gt;SKU0007&lt;/SKUID&gt;&lt;qty&gt;46&lt;/qty&gt;&lt;description&gt;Part 
Number:527&lt;/description&gt;&lt;reference_data&gt;x&lt;/reference_data&gt;&lt;unitcost&gt;not 
listed&lt;/unitcost&gt;&lt;/SKU&gt;&lt;SKU&gt;&lt;SKUID&gt;SKU0008&lt;/SKUID&gt;&lt;qty&gt;74&lt;/qty&gt;&lt;description&gt;Part 
Number:824&lt;/description&gt;&lt;reference_data&gt;x&lt;/reference_data&gt;&lt;unitcost&gt;not 
listed&lt;/unitcost&gt;&lt;/SKU&gt;&lt;SKU&gt;&lt;SKUID&gt;SKU0009&lt;/SKUID&gt;&lt;qty&gt;59&lt;/qty&gt;&lt;description&gt;Part 
Number:524&lt;/description&gt;&lt;reference_data&gt;x&lt;/reference_data&gt;&lt;unitcost&gt;not 
listed&lt;/unitcost&gt;&lt;/SKU&gt;&lt;SKU&gt;&lt;SKUID&gt;SKU0010&lt;/SKUID&gt;&lt;qty&gt;62&lt;/qty&gt;&lt;description&gt;Part 
Number:759&lt;/description&gt;&lt;reference_data&gt;x&lt;/reference_data&gt;&lt;unitcost&gt;not 
listed&lt;/unitcost&gt;&lt;/SKU&gt;&lt;SKU&gt;&lt;SKUID&gt;SKU0011&lt;/SKUID&gt;&lt;qty&gt;54&lt;/qty&gt;&lt;description&gt;Part 
Number:908&lt;/description&gt;&lt;reference_data&gt;x&lt;/reference_data&gt;&lt;unitcost&gt;not 
listed&lt;/unitcost&gt;&lt;/SKU&gt;&lt;SKU&gt;&lt;SKUID&gt;SKU0012&lt;/SKUID&gt;&lt;qty&gt;82&lt;/qty&gt;&lt;description&gt;Part 
Number:844&lt;/description&gt;&lt;reference_data&gt;x&lt;/reference_data&gt;&lt;unitcost&gt;not 
listed&lt;/unitcost&gt;&lt;/SKU&gt;&lt;SKU&gt;&lt;SKUID&gt;SKU0013&lt;/SKUID&gt;&lt;qty&gt;88&lt;/qty&gt;&lt;description&gt;Part 
Number:223&lt;/description&gt;&lt;reference_data&gt;x&lt;/reference_data&gt;&lt;unitcost&gt;not 
listed&lt;/unitcost&gt;&lt;/SKU&gt;&lt;SKU&gt;&lt;SKUID&gt;SKU0014&lt;/SKUID&gt;&lt;qty&gt;17&lt;/qty&gt;&lt;description&gt;Part 
Number:941&lt;/description&gt;&lt;reference_data&gt;x&lt;/reference_data&gt;&lt;unitcost&gt;not 
listed&lt;/unitcost&gt;&lt;/SKU&gt;&lt;SKU&gt;&lt;SKUID&gt;SKU0015&lt;/SKUID&gt;&lt;qty&gt;57&lt;/qty&gt;&lt;description&gt;Part 
Number:908&lt;/description&gt;&lt;reference_data&gt;x&lt;/reference_data&gt;&lt;unitcost&gt;not 
listed&lt;/unitcost&gt;&lt;/SKU&gt;&lt;SKU&gt;&lt;SKUID&gt;SKU0016&lt;/SKUID&gt;&lt;qty&gt;7&lt;/qty&gt;&lt;description&gt;Part 
Number:81&lt;/description&gt;&lt;reference_data&gt;x&lt;/reference_data&gt;&lt;unitcost&gt;not 
listed&lt;/unitcost&gt;&lt;/SKU&gt;&lt;SKU&gt;&lt;SKUID&gt;SKU0017&lt;/SKUID&gt;&lt;qty&gt;86&lt;/qty&gt;&lt;description&gt;Part 
Number:862&lt;/description&gt;&lt;reference_data&gt;x&lt;/reference_data&gt;&lt;unitcost&gt;not 
listed&lt;/unitcost&gt;&lt;/SKU&gt;&lt;SKU&gt;&lt;SKUID&gt;SKU0018&lt;/SKUID&gt;&lt;qty&gt;72&lt;/qty&gt;&lt;description&gt;Part 
Number:381&lt;/description&gt;&lt;reference_data&gt;x&lt;/reference_data&gt;&lt;unitcost&gt;not 
listed&lt;/unitcost&gt;&lt;/SKU&gt;&lt;SKU&gt;&lt;SKUID&gt;SKU0019&lt;/SKUID&gt;&lt;qty&gt;5&lt;/qty&gt;&lt;description&gt;Part 
Number:336&lt;/description&gt;&lt;reference_data&gt;x&lt;/reference_data&gt;&lt;unitcost&gt;not 
listed&lt;/unitcost&gt;&lt;/SKU&gt;&lt;SKU&gt;&lt;SKUID&gt;SKU0020&lt;/SKUID&gt;&lt;qty&gt;73&lt;/qty&gt;&lt;description&gt;Part 
Number:333&lt;/description&gt;&lt;reference_data&gt;x&lt;/reference_data&gt;&lt;unitcost&gt;not 
listed&lt;/unitcost&gt;&lt;/SKU&gt;&lt;SKU&gt;&lt;SKUID&gt;SKU0021&lt;/SKUID&gt;&lt;qty&gt;1&lt;/qty&gt;&lt;description&gt;Part 
Number:126&lt;/description&gt;&lt;reference_data&gt;x&lt;/reference_data&gt;&lt;unitcost&gt;not 
listed&lt;/unitcost&gt;&lt;/SKU&gt;&lt;SKU&gt;&lt;SKUID&gt;SKU0022&lt;/SKUID&gt;&lt;qty&gt;33&lt;/qty&gt;&lt;description&gt;Part 
Number:715&lt;/description&gt;&lt;reference_data&gt;x&lt;/reference_data&gt;&lt;unitcost&gt;not 
listed&lt;/unitcost&gt;&lt;/SKU&gt;&lt;SKU&gt;&lt;SKUID&gt;SKU0023&lt;/SKUID&gt;&lt;qty&gt;1&lt;/qty&gt;&lt;description&gt;Part 
Number:302&lt;/description&gt;&lt;reference_data&gt;x&lt;/reference_data&gt;&lt;unitcost&gt;not 
listed&lt;/unitcost&gt;&lt;/SKU&gt;&lt;SKU&gt;&lt;SKUID&gt;SKU0024&lt;/SKUID&gt;&lt;qty&gt;1&lt;/qty&gt;&lt;description&gt;Part 
Number:367&lt;/description&gt;&lt;reference_data&gt;x&lt;/reference_data&gt;&lt;unitcost&gt;not 
listed&lt;/unitcost&gt;&lt;/SKU&gt;&lt;SKU&gt;&lt;SKUID&gt;SKU0025&lt;/SKUID&gt;&lt;qty&gt;23&lt;/qty&gt;&lt;description&gt;Part 
Number:897&lt;/description&gt;&lt;reference_data&gt;x&lt;/reference_data&gt;&lt;unitcost&gt;not 
listed&lt;/unitcost&gt;&lt;/SKU&gt;&lt;SKU&gt;&lt;SKUID&gt;SKU0026&lt;/SKUID&gt;&lt;qty&gt;17&lt;/qty&gt;&lt;description&gt;Part 
Number:43&lt;/description&gt;&lt;reference_data&gt;x&lt;/reference_data&gt;&lt;unitcost&gt;not 
listed&lt;/unitcost&gt;&lt;/SKU&gt;&lt;SKU&gt;&lt;SKUID&gt;SKU0027&lt;/SKUID&gt;&lt;qty&gt;65&lt;/qty&gt;&lt;description&gt;Part 
Number:467&lt;/description&gt;&lt;reference_data&gt;x&lt;/reference_data&gt;&lt;unitcost&gt;not 
listed&lt;/unitcost&gt;&lt;/SKU&gt;&lt;SKU&gt;&lt;SKUID&gt;SKU0028&lt;/SKUID&gt;&lt;qty&gt;79&lt;/qty&gt;&lt;description&gt;Part 
Number:45&lt;/description&gt;&lt;reference_data&gt;x&lt;/reference_data&gt;&lt;unitcost&gt;not 
listed&lt;/unitcost&gt;&lt;/SKU&gt;&lt;SKU&gt;&lt;SKUID&gt;SKU0029&lt;/SKUID&gt;&lt;qty&gt;94&lt;/qty&gt;&lt;description&gt;Part 
Number:174&lt;/description&gt;&lt;reference_data&gt;x&lt;/reference_data&gt;&lt;unitcost&gt;not 
listed&lt;/unitcost&gt;&lt;/SKU&gt;&lt;SKU&gt;&lt;SKUID&gt;SKU0030&lt;/SKUID&gt;&lt;qty&gt;68&lt;/qty&gt;&lt;description&gt;Part 
Number:581&lt;/description&gt;&lt;reference_data&gt;x&lt;/reference_data&gt;&lt;unitcost&gt;not 
listed&lt;/unitcost&gt;&lt;/SKU&gt;&lt;SKU&gt;&lt;SKUID&gt;SKU0031&lt;/SKUID&gt;&lt;qty&gt;81&lt;/qty&gt;&lt;description&gt;Part 
Number:997&lt;/description&gt;&lt;reference_data&gt;x&lt;/reference_data&gt;&lt;unitcost&gt;not 
listed&lt;/unitcost&gt;&lt;/SKU&gt;&lt;SKU&gt;&lt;SKUID&gt;SKU0032&lt;/SKUID&gt;&lt;qty&gt;43&lt;/qty&gt;&lt;description&gt;Part 
Number:343&lt;/description&gt;&lt;reference_data&gt;x&lt;/reference_data&gt;&lt;unitcost&gt;not 
listed&lt;/unitcost&gt;&lt;/SKU&gt;&lt;SKU&gt;&lt;SKUID&gt;SKU0033&lt;/SKUID&gt;&lt;qty&gt;97&lt;/qty&gt;&lt;description&gt;Part 
Number:790&lt;/description&gt;&lt;reference_data&gt;x&lt;/reference_data&gt;&lt;unitcost&gt;not 
listed&lt;/unitcost&gt;&lt;/SKU&gt;&lt;SKU&gt;&lt;SKUID&gt;SKU0034&lt;/SKUID&gt;&lt;qty&gt;39&lt;/qty&gt;&lt;description&gt;Part 
Number:500&lt;/description&gt;&lt;reference_data&gt;x&lt;/reference_data&gt;&lt;unitcost&gt;not 
listed&lt;/unitcost&gt;&lt;/SKU&gt;&lt;SKU&gt;&lt;SKUID&gt;SKU0035&lt;/SKUID&gt;&lt;qty&gt;49&lt;/qty&gt;&lt;description&gt;Part 
Number:643&lt;/description&gt;&lt;reference_data&gt;x&lt;/reference_data&gt;&lt;unitcost&gt;not 
listed&lt;/unitcost&gt;&lt;/SKU&gt;&lt;SKU&gt;&lt;SKUID&gt;SKU0036&lt;/SKUID&gt;&lt;qty&gt;45&lt;/qty&gt;&lt;description&gt;Part 
Number:110&lt;/description&gt;&lt;reference_data&gt;x&lt;/reference_data&gt;&lt;unitcost&gt;not 
listed&lt;/unitcost&gt;&lt;/SKU&gt;&lt;SKU&gt;&lt;SKUID&gt;SKU0037&lt;/SKUID&gt;&lt;qty&gt;2&lt;/qty&gt;&lt;description&gt;Part 
Number:22&lt;/description&gt;&lt;reference_data&gt;x&lt;/reference_data&gt;&lt;unitcost&gt;not 
listed&lt;/unitcost&gt;&lt;/SKU&gt;&lt;SKU&gt;&lt;SKUID&gt;SKU0038&lt;/SKUID&gt;&lt;qty&gt;15&lt;/qty&gt;&lt;description&gt;Part 
Number:785&lt;/description&gt;&lt;reference_data&gt;x&lt;/reference_data&gt;&lt;unitcost&gt;not 
listed&lt;/unitcost&gt;&lt;/SKU&gt;&lt;SKU&gt;&lt;SKUID&gt;SKU0039&lt;/SKUID&gt;&lt;qty&gt;9&lt;/qty&gt;&lt;description&gt;Part 
Number:430&lt;/description&gt;&lt;reference_data&gt;x&lt;/reference_data&gt;&lt;unitcost&gt;not 
listed&lt;/unitcost&gt;&lt;/SKU&gt;&lt;SKU&gt;&lt;SKUID&gt;SKU0040&lt;/SKUID&gt;&lt;qty&gt;45&lt;/qty&gt;&lt;description&gt;Part 
Number:299&lt;/description&gt;&lt;reference_data&gt;x&lt;/reference_data&gt;&lt;unitcost&gt;not 
listed&lt;/unitcost&gt;&lt;/SKU&gt;&lt;SKU&gt;&lt;SKUID&gt;SKU0041&lt;/SKUID&gt;&lt;qty&gt;34&lt;/qty&gt;&lt;description&gt;Part 
Number:962&lt;/description&gt;&lt;reference_data&gt;x&lt;/reference_data&gt;&lt;unitcost&gt;not 
listed&lt;/unitcost&gt;&lt;/SKU&gt;&lt;SKU&gt;&lt;SKUID&gt;SKU0042&lt;/SKUID&gt;&lt;qty&gt;72&lt;/qty&gt;&lt;description&gt;Part 
Number:304&lt;/description&gt;&lt;reference_data&gt;x&lt;/reference_data&gt;&lt;unitcost&gt;not 
listed&lt;/unitcost&gt;&lt;/SKU&gt;&lt;SKU&gt;&lt;SKUID&gt;SKU0043&lt;/SKUID&gt;&lt;qty&gt;73&lt;/qty&gt;&lt;description&gt;Part 
Number:498&lt;/description&gt;&lt;reference_data&gt;x&lt;/reference_data&gt;&lt;unitcost&gt;not 
listed&lt;/unitcost&gt;&lt;/SKU&gt;&lt;SKU&gt;&lt;SKUID&gt;SKU0044&lt;/SKUID&gt;&lt;qty&gt;95&lt;/qty&gt;&lt;description&gt;Part 
Number:840&lt;/description&gt;&lt;reference_data&gt;x&lt;/reference_data&gt;&lt;unitcost&gt;not 
listed&lt;/unitcost&gt;&lt;/SKU&gt;&lt;SKU&gt;&lt;SKUID&gt;SKU0045&lt;/SKUID&gt;&lt;qty&gt;69&lt;/qty&gt;&lt;description&gt;Part 
Number:671&lt;/description&gt;&lt;reference_data&gt;x&lt;/reference_data&gt;&lt;unitcost&gt;not 
listed&lt;/unitcost&gt;&lt;/SKU&gt;&lt;SKU&gt;&lt;SKUID&gt;SKU0046&lt;/SKUID&gt;&lt;qty&gt;61&lt;/qty&gt;&lt;description&gt;Part 
Number:229&lt;/description&gt;&lt;reference_data&gt;x&lt;/reference_data&gt;&lt;unitcost&gt;not 
listed&lt;/unitcost&gt;&lt;/SKU&gt;&lt;SKU&gt;&lt;SKUID&gt;SKU0047&lt;/SKUID&gt;&lt;qty&gt;71&lt;/qty&gt;&lt;description&gt;Part 
Number:932&lt;/description&gt;&lt;reference_data&gt;x&lt;/reference_data&gt;&lt;unitcost&gt;not 
listed&lt;/unitcost&gt;&lt;/SKU&gt;&lt;SKU&gt;&lt;SKUID&gt;SKU0048&lt;/SKUID&gt;&lt;qty&gt;42&lt;/qty&gt;&lt;description&gt;Part 
Number:194&lt;/description&gt;&lt;reference_data&gt;x&lt;/reference_data&gt;&lt;unitcost&gt;not 
listed&lt;/unitcost&gt;&lt;/SKU&gt;&lt;SKU&gt;&lt;SKUID&gt;SKU0049&lt;/SKUID&gt;&lt;qty&gt;90&lt;/qty&gt;&lt;description&gt;Part 
Number:339&lt;/description&gt;&lt;reference_data&gt;x&lt;/reference_data&gt;&lt;unitcost&gt;not 
listed&lt;/unitcost&gt;&lt;/SKU&gt;&lt;SKU&gt;&lt;SKUID&gt;SKU0050&lt;/SKUID&gt;&lt;qty&gt;84&lt;/qty&gt;&lt;description&gt;Part 
Number:797&lt;/description&gt;&lt;reference_data&gt;x&lt;/reference_data&gt;&lt;unitcost&gt;not 
listed&lt;/unitcost&gt;&lt;/SKU&gt;&lt;SKU&gt;&lt;SKUID&gt;SKU0051&lt;/SKUID&gt;&lt;qty&gt;17&lt;/qty&gt;&lt;description&gt;Part 
Number:194&lt;/description&gt;&lt;reference_data&gt;x&lt;/reference_data&gt;&lt;unitcost&gt;not 
listed&lt;/unitcost&gt;&lt;/SKU&gt;&lt;SKU&gt;&lt;SKUID&gt;SKU0052&lt;/SKUID&gt;&lt;qty&gt;70&lt;/qty&gt;&lt;description&gt;Part 
Number:879&lt;/description&gt;&lt;reference_data&gt;x&lt;/reference_data&gt;&lt;unitcost&gt;not 
listed&lt;/unitcost&gt;&lt;/SKU&gt;&lt;SKU&gt;&lt;SKUID&gt;SKU0053&lt;/SKUID&gt;&lt;qty&gt;95&lt;/qty&gt;&lt;description&gt;Part 
Number:253&lt;/description&gt;&lt;reference_data&gt;x&lt;/reference_data&gt;&lt;unitcost&gt;not 
listed&lt;/unitcost&gt;&lt;/SKU&gt;&lt;SKU&gt;&lt;SKUID&gt;SKU0054&lt;/SKUID&gt;&lt;qty&gt;7&lt;/qty&gt;&lt;description&gt;Part 
Number:888&lt;/description&gt;&lt;reference_data&gt;x&lt;/reference_data&gt;&lt;unitcost&gt;not 
listed&lt;/unitcost&gt;&lt;/SKU&gt;&lt;SKU&gt;&lt;SKUID&gt;SKU0055&lt;/SKUID&gt;&lt;qty&gt;77&lt;/qty&gt;&lt;description&gt;Part 
Number:779&lt;/description&gt;&lt;reference_data&gt;x&lt;/reference_data&gt;&lt;unitcost&gt;not 
listed&lt;/unitcost&gt;&lt;/SKU&gt;&lt;SKU&gt;&lt;SKUID&gt;SKU0056&lt;/SKUID&gt;&lt;qty&gt;39&lt;/qty&gt;&lt;description&gt;Part 
Number:465&lt;/description&gt;&lt;reference_data&gt;x&lt;/reference_data&gt;&lt;unitcost&gt;not 
listed&lt;/unitcost&gt;&lt;/SKU&gt;&lt;SKU&gt;&lt;SKUID&gt;SKU0057&lt;/SKUID&gt;&lt;qty&gt;78&lt;/qty&gt;&lt;description&gt;Part 
Number:277&lt;/description&gt;&lt;reference_data&gt;x&lt;/reference_data&gt;&lt;unitcost&gt;not 
listed&lt;/unitcost&gt;&lt;/SKU&gt;&lt;SKU&gt;&lt;SKUID&gt;SKU0058&lt;/SKUID&gt;&lt;qty&gt;94&lt;/qty&gt;&lt;description&gt;Part 
Number:193&lt;/description&gt;&lt;reference_data&gt;x&lt;/reference_data&gt;&lt;unitcost&gt;not 
listed&lt;/unitcost&gt;&lt;/SKU&gt;&lt;SKU&gt;&lt;SKUID&gt;SKU0059&lt;/SKUID&gt;&lt;qty&gt;75&lt;/qty&gt;&lt;description&gt;Part 
Number:37&lt;/description&gt;&lt;reference_data&gt;x&lt;/reference_data&gt;&lt;unitcost&gt;not 
listed&lt;/unitcost&gt;&lt;/SKU&gt;&lt;SKU&gt;&lt;SKUID&gt;SKU0060&lt;/SKUID&gt;&lt;qty&gt;5&lt;/qty&gt;&lt;description&gt;Part 
Number:838&lt;/description&gt;&lt;reference_data&gt;x&lt;/reference_data&gt;&lt;unitcost&gt;not 
listed&lt;/unitcost&gt;&lt;/SKU&gt;&lt;SKU&gt;&lt;SKUID&gt;SKU0061&lt;/SKUID&gt;&lt;qty&gt;96&lt;/qty&gt;&lt;description&gt;Part 
Number:139&lt;/description&gt;&lt;reference_data&gt;x&lt;/reference_data&gt;&lt;unitcost&gt;not 
listed&lt;/unitcost&gt;&lt;/SKU&gt;&lt;SKU&gt;&lt;SKUID&gt;SKU0062&lt;/SKUID&gt;&lt;qty&gt;88&lt;/qty&gt;&lt;description&gt;Part 
Number:114&lt;/description&gt;&lt;reference_data&gt;x&lt;/reference_data&gt;&lt;unitcost&gt;not 
listed&lt;/unitcost&gt;&lt;/SKU&gt;&lt;SKU&gt;&lt;SKUID&gt;SKU0063&lt;/SKUID&gt;&lt;qty&gt;61&lt;/qty&gt;&lt;description&gt;Part 
Number:704&lt;/description&gt;&lt;reference_data&gt;x&lt;/reference_data&gt;&lt;unitcost&gt;not 
listed&lt;/unitcost&gt;&lt;/SKU&gt;&lt;SKU&gt;&lt;SKUID&gt;SKU0064&lt;/SKUID&gt;&lt;qty&gt;68&lt;/qty&gt;&lt;description&gt;Part 
Number:696&lt;/description&gt;&lt;reference_data&gt;x&lt;/reference_data&gt;&lt;unitcost&gt;not 
listed&lt;/unitcost&gt;&lt;/SKU&gt;&lt;SKU&gt;&lt;SKUID&gt;SKU0065&lt;/SKUID&gt;&lt;qty&gt;33&lt;/qty&gt;&lt;description&gt;Part 
Number:200&lt;/description&gt;&lt;reference_data&gt;x&lt;/reference_data&gt;&lt;unitcost&gt;not 
listed&lt;/unitcost&gt;&lt;/SKU&gt;&lt;SKU&gt;&lt;SKUID&gt;SKU0066&lt;/SKUID&gt;&lt;qty&gt;97&lt;/qty&gt;&lt;description&gt;Part 
Number:941&lt;/description&gt;&lt;reference_data&gt;x&lt;/reference_data&gt;&lt;unitcost&gt;not 
listed&lt;/unitcost&gt;&lt;/SKU&gt;&lt;SKU&gt;&lt;SKUID&gt;SKU0067&lt;/SKUID&gt;&lt;qty&gt;91&lt;/qty&gt;&lt;description&gt;Part 
Number:545&lt;/description&gt;&lt;reference_data&gt;x&lt;/reference_data&gt;&lt;unitcost&gt;not 
listed&lt;/unitcost&gt;&lt;/SKU&gt;&lt;SKU&gt;&lt;SKUID&gt;SKU0068&lt;/SKUID&gt;&lt;qty&gt;42&lt;/qty&gt;&lt;description&gt;Part 
Number:497&lt;/description&gt;&lt;reference_data&gt;x&lt;/reference_data&gt;&lt;unitcost&gt;not 
listed&lt;/unitcost&gt;&lt;/SKU&gt;&lt;SKU&gt;&lt;SKUID&gt;SKU0069&lt;/SKUID&gt;&lt;qty&gt;44&lt;/qty&gt;&lt;description&gt;Part 
Number:666&lt;/description&gt;&lt;reference_data&gt;x&lt;/reference_data&gt;&lt;unitcost&gt;not 
listed&lt;/unitcost&gt;&lt;/SKU&gt;&lt;SKU&gt;&lt;SKUID&gt;SKU0070&lt;/SKUID&gt;&lt;qty&gt;26&lt;/qty&gt;&lt;description&gt;Part 
Number:995&lt;/description&gt;&lt;reference_data&gt;x&lt;/reference_data&gt;&lt;unitcost&gt;not 
listed&lt;/unitcost&gt;&lt;/SKU&gt;&lt;SKU&gt;&lt;SKUID&gt;SKU0071&lt;/SKUID&gt;&lt;qty&gt;53&lt;/qty&gt;&lt;description&gt;Part 
Number:328&lt;/description&gt;&lt;reference_data&gt;x&lt;/reference_data&gt;&lt;unitcost&gt;not 
listed&lt;/unitcost&gt;&lt;/SKU&gt;&lt;SKU&gt;&lt;SKUID&gt;SKU0072&lt;/SKUID&gt;&lt;qty&gt;71&lt;/qty&gt;&lt;description&gt;Part 
Number:483&lt;/description&gt;&lt;reference_data&gt;x&lt;/reference_data&gt;&lt;unitcost&gt;not 
listed&lt;/unitcost&gt;&lt;/SKU&gt;&lt;SKU&gt;&lt;SKUID&gt;SKU0073&lt;/SKUID&gt;&lt;qty&gt;23&lt;/qty&gt;&lt;description&gt;Part 
Number:312&lt;/description&gt;&lt;reference_data&gt;x&lt;/reference_data&gt;&lt;unitcost&gt;not 
listed&lt;/unitcost&gt;&lt;/SKU&gt;&lt;SKU&gt;&lt;SKUID&gt;SKU0074&lt;/SKUID&gt;&lt;qty&gt;29&lt;/qty&gt;&lt;description&gt;Part 
Number:183&lt;/description&gt;&lt;reference_data&gt;x&lt;/reference_data&gt;&lt;unitcost&gt;not 
listed&lt;/unitcost&gt;&lt;/SKU&gt;&lt;SKU&gt;&lt;SKUID&gt;SKU0075&lt;/SKUID&gt;&lt;qty&gt;36&lt;/qty&gt;&lt;description&gt;Part 
Number:995&lt;/description&gt;&lt;reference_data&gt;x&lt;/reference_data&gt;&lt;unitcost&gt;not 
listed&lt;/unitcost&gt;&lt;/SKU&gt;&lt;SKU&gt;&lt;SKUID&gt;SKU0076&lt;/SKUID&gt;&lt;qty&gt;10&lt;/qty&gt;&lt;description&gt;Part 
Number:838&lt;/description&gt;&lt;reference_data&gt;x&lt;/reference_data&gt;&lt;unitcost&gt;not 
listed&lt;/unitcost&gt;&lt;/SKU&gt;&lt;SKU&gt;&lt;SKUID&gt;SKU0077&lt;/SKUID&gt;&lt;qty&gt;92&lt;/qty&gt;&lt;description&gt;Part 
Number:174&lt;/description&gt;&lt;reference_data&gt;x&lt;/reference_data&gt;&lt;unitcost&gt;not 
listed&lt;/unitcost&gt;&lt;/SKU&gt;&lt;SKU&gt;&lt;SKUID&gt;SKU0078&lt;/SKUID&gt;&lt;qty&gt;69&lt;/qty&gt;&lt;description&gt;Part 
Number:980&lt;/description&gt;&lt;reference_data&gt;x&lt;/reference_data&gt;&lt;unitcost&gt;not 
listed&lt;/unitcost&gt;&lt;/SKU&gt;&lt;SKU&gt;&lt;SKUID&gt;SKU0079&lt;/SKUID&gt;&lt;qty&gt;98&lt;/qty&gt;&lt;description&gt;Part 
Number:332&lt;/description&gt;&lt;reference_data&gt;x&lt;/reference_data&gt;&lt;unitcost&gt;not 
listed&lt;/unitcost&gt;&lt;/SKU&gt;&lt;SKU&gt;&lt;SKUID&gt;SKU0080&lt;/SKUID&gt;&lt;qty&gt;63&lt;/qty&gt;&lt;description&gt;Part 
Number:34&lt;/description&gt;&lt;reference_data&gt;x&lt;/reference_data&gt;&lt;unitcost&gt;not 
listed&lt;/unitcost&gt;&lt;/SKU&gt;&lt;SKU&gt;&lt;SKUID&gt;SKU0081&lt;/SKUID&gt;&lt;qty&gt;21&lt;/qty&gt;&lt;description&gt;Part 
Number:765&lt;/description&gt;&lt;reference_data&gt;x&lt;/reference_data&gt;&lt;unitcost&gt;not 
listed&lt;/unitcost&gt;&lt;/SKU&gt;&lt;SKU&gt;&lt;SKUID&gt;SKU0082&lt;/SKUID&gt;&lt;qty&gt;43&lt;/qty&gt;&lt;description&gt;Part 
Number:811&lt;/description&gt;&lt;reference_data&gt;x&lt;/reference_data&gt;&lt;unitcost&gt;not 
listed&lt;/unitcost&gt;&lt;/SKU&gt;&lt;SKU&gt;&lt;SKUID&gt;SKU0083&lt;/SKUID&gt;&lt;qty&gt;96&lt;/qty&gt;&lt;description&gt;Part 
Number:6&lt;/description&gt;&lt;reference_data&gt;x&lt;/reference_data&gt;&lt;unitcost&gt;not 
listed&lt;/unitcost&gt;&lt;/SKU&gt;&lt;SKU&gt;&lt;SKUID&gt;SKU0084&lt;/SKUID&gt;&lt;qty&gt;72&lt;/qty&gt;&lt;description&gt;Part 
Number:453&lt;/description&gt;&lt;reference_data&gt;x&lt;/reference_data&gt;&lt;unitcost&gt;not 
listed&lt;/unitcost&gt;&lt;/SKU&gt;&lt;SKU&gt;&lt;SKUID&gt;SKU0085&lt;/SKUID&gt;&lt;qty&gt;30&lt;/qty&gt;&lt;description&gt;Part 
Number:298&lt;/description&gt;&lt;reference_data&gt;x&lt;/reference_data&gt;&lt;unitcost&gt;not 
listed&lt;/unitcost&gt;&lt;/SKU&gt;&lt;SKU&gt;&lt;SKUID&gt;SKU0086&lt;/SKUID&gt;&lt;qty&gt;95&lt;/qty&gt;&lt;description&gt;Part 
Number:571&lt;/description&gt;&lt;reference_data&gt;x&lt;/reference_data&gt;&lt;unitcost&gt;not 
listed&lt;/unitcost&gt;&lt;/SKU&gt;&lt;SKU&gt;&lt;SKUID&gt;SKU0087&lt;/SKUID&gt;&lt;qty&gt;30&lt;/qty&gt;&lt;description&gt;Part 
Number:382&lt;/description&gt;&lt;reference_data&gt;x&lt;/reference_data&gt;&lt;unitcost&gt;not 
listed&lt;/unitcost&gt;&lt;/SKU&gt;&lt;SKU&gt;&lt;SKUID&gt;SKU0088&lt;/SKUID&gt;&lt;qty&gt;20&lt;/qty&gt;&lt;description&gt;Part 
Number:413&lt;/description&gt;&lt;reference_data&gt;x&lt;/reference_data&gt;&lt;unitcost&gt;not 
listed&lt;/unitcost&gt;&lt;/SKU&gt;&lt;SKU&gt;&lt;SKUID&gt;SKU0089&lt;/SKUID&gt;&lt;qty&gt;42&lt;/qty&gt;&lt;description&gt;Part 
Number:972&lt;/description&gt;&lt;reference_data&gt;x&lt;/reference_data&gt;&lt;unitcost&gt;not 
listed&lt;/unitcost&gt;&lt;/SKU&gt;&lt;SKU&gt;&lt;SKUID&gt;SKU0090&lt;/SKUID&gt;&lt;qty&gt;40&lt;/qty&gt;&lt;description&gt;Part 
Number:622&lt;/description&gt;&lt;reference_data&gt;x&lt;/reference_data&gt;&lt;unitcost&gt;not 
listed&lt;/unitcost&gt;&lt;/SKU&gt;&lt;SKU&gt;&lt;SKUID&gt;SKU0091&lt;/SKUID&gt;&lt;qty&gt;60&lt;/qty&gt;&lt;description&gt;Part 
Number:445&lt;/description&gt;&lt;reference_data&gt;x&lt;/reference_data&gt;&lt;unitcost&gt;not 
listed&lt;/unitcost&gt;&lt;/SKU&gt;&lt;SKU&gt;&lt;SKUID&gt;SKU0092&lt;/SKUID&gt;&lt;qty&gt;17&lt;/qty&gt;&lt;description&gt;Part 
Number:208&lt;/description&gt;&lt;reference_data&gt;x&lt;/reference_data&gt;&lt;unitcost&gt;not 
listed&lt;/unitcost&gt;&lt;/SKU&gt;&lt;SKU&gt;&lt;SKUID&gt;SKU0093&lt;/SKUID&gt;&lt;qty&gt;51&lt;/qty&gt;&lt;description&gt;Part 
Number:848&lt;/description&gt;&lt;reference_data&gt;x&lt;/reference_data&gt;&lt;unitcost&gt;not 
listed&lt;/unitcost&gt;&lt;/SKU&gt;&lt;SKU&gt;&lt;SKUID&gt;SKU0094&lt;/SKUID&gt;&lt;qty&gt;49&lt;/qty&gt;&lt;description&gt;Part 
Number:52&lt;/description&gt;&lt;reference_data&gt;x&lt;/reference_data&gt;&lt;unitcost&gt;not 
listed&lt;/unitcost&gt;&lt;/SKU&gt;&lt;SKU&gt;&lt;SKUID&gt;SKU0095&lt;/SKUID&gt;&lt;qty&gt;90&lt;/qty&gt;&lt;description&gt;Part 
Number:996&lt;/description&gt;&lt;reference_data&gt;x&lt;/reference_data&gt;&lt;unitcost&gt;not 
listed&lt;/unitcost&gt;&lt;/SKU&gt;&lt;SKU&gt;&lt;SKUID&gt;SKU0096&lt;/SKUID&gt;&lt;qty&gt;69&lt;/qty&gt;&lt;description&gt;Part 
Number:86&lt;/description&gt;&lt;reference_data&gt;x&lt;/reference_data&gt;&lt;unitcost&gt;not 
listed&lt;/unitcost&gt;&lt;/SKU&gt;&lt;SKU&gt;&lt;SKUID&gt;SKU0097&lt;/SKUID&gt;&lt;qty&gt;68&lt;/qty&gt;&lt;description&gt;Part 
Number:752&lt;/description&gt;&lt;reference_data&gt;x&lt;/reference_data&gt;&lt;unitcost&gt;not 
listed&lt;/unitcost&gt;&lt;/SKU&gt;&lt;SKU&gt;&lt;SKUID&gt;SKU0098&lt;/SKUID&gt;&lt;qty&gt;42&lt;/qty&gt;&lt;description&gt;Part 
Number:352&lt;/description&gt;&lt;reference_data&gt;x&lt;/reference_data&gt;&lt;unitcost&gt;not 
listed&lt;/unitcost&gt;&lt;/SKU&gt;&lt;SKU&gt;&lt;SKUID&gt;SKU0099&lt;/SKUID&gt;&lt;qty&gt;36&lt;/qty&gt;&lt;description&gt;Part 
Number:543&lt;/description&gt;&lt;reference_data&gt;x&lt;/reference_data&gt;&lt;unitcost&gt;not 
listed&lt;/unitcost&gt;&lt;/SKU&gt;&lt;SKU&gt;&lt;SKUID&gt;SKU0100&lt;/SKUID&gt;&lt;qty&gt;23&lt;/qty&gt;&lt;description&gt;Part 
Number:8&lt;/description&gt;&lt;reference_data&gt;x&lt;/reference_data&gt;&lt;unitcost&gt;not 
listed&lt;/unitcost&gt;&lt;/SKU&gt;&lt;SKU&gt;&lt;SKUID&gt;SKU0101&lt;/SKUID&gt;&lt;qty&gt;87&lt;/qty&gt;&lt;description&gt;Part 
Number:839&lt;/description&gt;&lt;reference_data&gt;x&lt;/reference_data&gt;&lt;unitcost&gt;not 
listed&lt;/unitcost&gt;&lt;/SKU&gt;&lt;SKU&gt;&lt;SKUID&gt;SKU0102&lt;/SKUID&gt;&lt;qty&gt;81&lt;/qty&gt;&lt;description&gt;Part 
Number:395&lt;/description&gt;&lt;reference_data&gt;x&lt;/reference_data&gt;&lt;unitcost&gt;not 
listed&lt;/unitcost&gt;&lt;/SKU&gt;&lt;SKU&gt;&lt;SKUID&gt;SKU0103&lt;/SKUID&gt;&lt;qty&gt;84&lt;/qty&gt;&lt;description&gt;Part 
Number:585&lt;/description&gt;&lt;reference_data&gt;x&lt;/reference_data&gt;&lt;unitcost&gt;not 
listed&lt;/unitcost&gt;&lt;/SKU&gt;&lt;SKU&gt;&lt;SKUID&gt;SKU0104&lt;/SKUID&gt;&lt;qty&gt;56&lt;/qty&gt;&lt;description&gt;Part 
Number:502&lt;/description&gt;&lt;reference_data&gt;x&lt;/reference_data&gt;&lt;unitcost&gt;not 
listed&lt;/unitcost&gt;&lt;/SKU&gt;&lt;SKU&gt;&lt;SKUID&gt;SKU0105&lt;/SKUID&gt;&lt;qty&gt;63&lt;/qty&gt;&lt;description&gt;Part 
Number:135&lt;/description&gt;&lt;reference_data&gt;x&lt;/reference_data&gt;&lt;unitcost&gt;not 
listed&lt;/unitcost&gt;&lt;/SKU&gt;&lt;SKU&gt;&lt;SKUID&gt;SKU0106&lt;/SKUID&gt;&lt;qty&gt;24&lt;/qty&gt;&lt;description&gt;Part 
Number:344&lt;/description&gt;&lt;reference_data&gt;x&lt;/reference_data&gt;&lt;unitcost&gt;not 
listed&lt;/unitcost&gt;&lt;/SKU&gt;&lt;SKU&gt;&lt;SKUID&gt;SKU0107&lt;/SKUID&gt;&lt;qty&gt;87&lt;/qty&gt;&lt;description&gt;Part 
Number:704&lt;/description&gt;&lt;reference_data&gt;x&lt;/reference_data&gt;&lt;unitcost&gt;not 
listed&lt;/unitcost&gt;&lt;/SKU&gt;&lt;SKU&gt;&lt;SKUID&gt;SKU0108&lt;/SKUID&gt;&lt;qty&gt;14&lt;/qty&gt;&lt;description&gt;Part 
Number:439&lt;/description&gt;&lt;reference_data&gt;x&lt;/reference_data&gt;&lt;unitcost&gt;not 
listed&lt;/unitcost&gt;&lt;/SKU&gt;&lt;SKU&gt;&lt;SKUID&gt;SKU0109&lt;/SKUID&gt;&lt;qty&gt;92&lt;/qty&gt;&lt;description&gt;Part 
Number:984&lt;/description&gt;&lt;reference_data&gt;x&lt;/reference_data&gt;&lt;unitcost&gt;not 
listed&lt;/unitcost&gt;&lt;/SKU&gt;&lt;SKU&gt;&lt;SKUID&gt;SKU0110&lt;/SKUID&gt;&lt;qty&gt;49&lt;/qty&gt;&lt;description&gt;Part 
Number:747&lt;/description&gt;&lt;reference_data&gt;x&lt;/reference_data&gt;&lt;unitcost&gt;not 
listed&lt;/unitcost&gt;&lt;/SKU&gt;&lt;SKU&gt;&lt;SKUID&gt;SKU0111&lt;/SKUID&gt;&lt;qty&gt;14&lt;/qty&gt;&lt;description&gt;Part 
Number:696&lt;/description&gt;&lt;reference_data&gt;x&lt;/reference_data&gt;&lt;unitcost&gt;not 
listed&lt;/unitcost&gt;&lt;/SKU&gt;&lt;SKU&gt;&lt;SKUID&gt;SKU0112&lt;/SKUID&gt;&lt;qty&gt;50&lt;/qty&gt;&lt;description&gt;Part 
Number:266&lt;/description&gt;&lt;reference_data&gt;x&lt;/reference_data&gt;&lt;unitcost&gt;not 
listed&lt;/unitcost&gt;&lt;/SKU&gt;&lt;SKU&gt;&lt;SKUID&gt;SKU0113&lt;/SKUID&gt;&lt;qty&gt;20&lt;/qty&gt;&lt;description&gt;Part 
Number:778&lt;/description&gt;&lt;reference_data&gt;x&lt;/reference_data&gt;&lt;unitcost&gt;not 
listed&lt;/unitcost&gt;&lt;/SKU&gt;&lt;SKU&gt;&lt;SKUID&gt;SKU0114&lt;/SKUID&gt;&lt;qty&gt;56&lt;/qty&gt;&lt;description&gt;Part 
Number:211&lt;/description&gt;&lt;reference_data&gt;x&lt;/reference_data&gt;&lt;unitcost&gt;not 
listed&lt;/unitcost&gt;&lt;/SKU&gt;&lt;SKU&gt;&lt;SKUID&gt;SKU0115&lt;/SKUID&gt;&lt;qty&gt;71&lt;/qty&gt;&lt;description&gt;Part 
Number:683&lt;/description&gt;&lt;reference_data&gt;x&lt;/reference_data&gt;&lt;unitcost&gt;not 
listed&lt;/unitcost&gt;&lt;/SKU&gt;&lt;SKU&gt;&lt;SKUID&gt;SKU0116&lt;/SKUID&gt;&lt;qty&gt;52&lt;/qty&gt;&lt;description&gt;Part 
Number:674&lt;/description&gt;&lt;reference_data&gt;x&lt;/reference_data&gt;&lt;unitcost&gt;not 
listed&lt;/unitcost&gt;&lt;/SKU&gt;&lt;SKU&gt;&lt;SKUID&gt;SKU0117&lt;/SKUID&gt;&lt;qty&gt;86&lt;/qty&gt;&lt;description&gt;Part 
Number:322&lt;/description&gt;&lt;reference_data&gt;x&lt;/reference_data&gt;&lt;unitcost&gt;not 
listed&lt;/unitcost&gt;&lt;/SKU&gt;&lt;SKU&gt;&lt;SKUID&gt;SKU0118&lt;/SKUID&gt;&lt;qty&gt;95&lt;/qty&gt;&lt;description&gt;Part 
Number:867&lt;/description&gt;&lt;reference_data&gt;x&lt;/reference_data&gt;&lt;unitcost&gt;not 
listed&lt;/unitcost&gt;&lt;/SKU&gt;&lt;SKU&gt;&lt;SKUID&gt;SKU0119&lt;/SKUID&gt;&lt;qty&gt;99&lt;/qty&gt;&lt;description&gt;Part 
Number:794&lt;/description&gt;&lt;reference_data&gt;x&lt;/reference_data&gt;&lt;unitcost&gt;not 
listed&lt;/unitcost&gt;&lt;/SKU&gt;&lt;SKU&gt;&lt;SKUID&gt;SKU0120&lt;/SKUID&gt;&lt;qty&gt;49&lt;/qty&gt;&lt;description&gt;Part 
Number:11&lt;/description&gt;&lt;reference_data&gt;x&lt;/reference_data&gt;&lt;unitcost&gt;not 
listed&lt;/unitcost&gt;&lt;/SKU&gt;&lt;SKU&gt;&lt;SKUID&gt;SKU0121&lt;/SKUID&gt;&lt;qty&gt;16&lt;/qty&gt;&lt;description&gt;Part 
Number:751&lt;/description&gt;&lt;reference_data&gt;x&lt;/reference_data&gt;&lt;unitcost&gt;not 
listed&lt;/unitcost&gt;&lt;/SKU&gt;&lt;SKU&gt;&lt;SKUID&gt;SKU0122&lt;/SKUID&gt;&lt;qty&gt;87&lt;/qty&gt;&lt;description&gt;Part 
Number:63&lt;/description&gt;&lt;reference_data&gt;x&lt;/reference_data&gt;&lt;unitcost&gt;not 
listed&lt;/unitcost&gt;&lt;/SKU&gt;&lt;SKU&gt;&lt;SKUID&gt;SKU0123&lt;/SKUID&gt;&lt;qty&gt;5&lt;/qty&gt;&lt;description&gt;Part 
Number:147&lt;/description&gt;&lt;reference_data&gt;x&lt;/reference_data&gt;&lt;unitcost&gt;not 
listed&lt;/unitcost&gt;&lt;/SKU&gt;&lt;SKU&gt;&lt;SKUID&gt;SKU0124&lt;/SKUID&gt;&lt;qty&gt;3&lt;/qty&gt;&lt;description&gt;Part 
Number:404&lt;/description&gt;&lt;reference_data&gt;x&lt;/reference_data&gt;&lt;unitcost&gt;not 
listed&lt;/unitcost&gt;&lt;/SKU&gt;&lt;SKU&gt;&lt;SKUID&gt;SKU0125&lt;/SKUID&gt;&lt;qty&gt;56&lt;/qty&gt;&lt;description&gt;Part 
Number:971&lt;/description&gt;&lt;reference_data&gt;x&lt;/reference_data&gt;&lt;unitcost&gt;not 
listed&lt;/unitcost&gt;&lt;/SKU&gt;&lt;SKU&gt;&lt;SKUID&gt;SKU0126&lt;/SKUID&gt;&lt;qty&gt;88&lt;/qty&gt;&lt;description&gt;Part 
Number:12&lt;/description&gt;&lt;reference_data&gt;x&lt;/reference_data&gt;&lt;unitcost&gt;not 
listed&lt;/unitcost&gt;&lt;/SKU&gt;&lt;SKU&gt;&lt;SKUID&gt;SKU0127&lt;/SKUID&gt;&lt;qty&gt;98&lt;/qty&gt;&lt;description&gt;Part 
Number:962&lt;/description&gt;&lt;reference_data&gt;x&lt;/reference_data&gt;&lt;unitcost&gt;not 
listed&lt;/unitcost&gt;&lt;/SKU&gt;&lt;SKU&gt;&lt;SKUID&gt;SKU0128&lt;/SKUID&gt;&lt;qty&gt;88&lt;/qty&gt;&lt;description&gt;Part 
Number:699&lt;/description&gt;&lt;reference_data&gt;x&lt;/reference_data&gt;&lt;unitcost&gt;not 
listed&lt;/unitcost&gt;&lt;/SKU&gt;&lt;SKU&gt;&lt;SKUID&gt;SKU0129&lt;/SKUID&gt;&lt;qty&gt;29&lt;/qty&gt;&lt;description&gt;Part 
Number:113&lt;/description&gt;&lt;reference_data&gt;x&lt;/reference_data&gt;&lt;unitcost&gt;not 
listed&lt;/unitcost&gt;&lt;/SKU&gt;&lt;SKU&gt;&lt;SKUID&gt;SKU0130&lt;/SKUID&gt;&lt;qty&gt;6&lt;/qty&gt;&lt;description&gt;Part 
Number:474&lt;/description&gt;&lt;reference_data&gt;x&lt;/reference_data&gt;&lt;unitcost&gt;not 
listed&lt;/unitcost&gt;&lt;/SKU&gt;&lt;SKU&gt;&lt;SKUID&gt;SKU0131&lt;/SKUID&gt;&lt;qty&gt;93&lt;/qty&gt;&lt;description&gt;Part 
Number:563&lt;/description&gt;&lt;reference_data&gt;x&lt;/reference_data&gt;&lt;unitcost&gt;not 
listed&lt;/unitcost&gt;&lt;/SKU&gt;&lt;SKU&gt;&lt;SKUID&gt;SKU0132&lt;/SKUID&gt;&lt;qty&gt;57&lt;/qty&gt;&lt;description&gt;Part 
Number:936&lt;/description&gt;&lt;reference_data&gt;x&lt;/reference_data&gt;&lt;unitcost&gt;not 
listed&lt;/unitcost&gt;&lt;/SKU&gt;&lt;SKU&gt;&lt;SKUID&gt;SKU0133&lt;/SKUID&gt;&lt;qty&gt;53&lt;/qty&gt;&lt;description&gt;Part 
Number:207&lt;/description&gt;&lt;reference_data&gt;x&lt;/reference_data&gt;&lt;unitcost&gt;not 
listed&lt;/unitcost&gt;&lt;/SKU&gt;&lt;SKU&gt;&lt;SKUID&gt;SKU0134&lt;/SKUID&gt;&lt;qty&gt;11&lt;/qty&gt;&lt;description&gt;Part 
Number:378&lt;/description&gt;&lt;reference_data&gt;x&lt;/reference_data&gt;&lt;unitcost&gt;not 
listed&lt;/unitcost&gt;&lt;/SKU&gt;&lt;SKU&gt;&lt;SKUID&gt;SKU0135&lt;/SKUID&gt;&lt;qty&gt;79&lt;/qty&gt;&lt;description&gt;Part 
Number:462&lt;/description&gt;&lt;reference_data&gt;x&lt;/reference_data&gt;&lt;unitcost&gt;not 
listed&lt;/unitcost&gt;&lt;/SKU&gt;&lt;SKU&gt;&lt;SKUID&gt;SKU0136&lt;/SKUID&gt;&lt;qty&gt;98&lt;/qty&gt;&lt;description&gt;Part 
Number:539&lt;/description&gt;&lt;reference_data&gt;x&lt;/reference_data&gt;&lt;unitcost&gt;not 
listed&lt;/unitcost&gt;&lt;/SKU&gt;&lt;SKU&gt;&lt;SKUID&gt;SKU0137&lt;/SKUID&gt;&lt;qty&gt;33&lt;/qty&gt;&lt;description&gt;Part 
Number:342&lt;/description&gt;&lt;reference_data&gt;x&lt;/reference_data&gt;&lt;unitcost&gt;not 
listed&lt;/unitcost&gt;&lt;/SKU&gt;&lt;SKU&gt;&lt;SKUID&gt;SKU0138&lt;/SKUID&gt;&lt;qty&gt;40&lt;/qty&gt;&lt;description&gt;Part 
Number:628&lt;/description&gt;&lt;reference_data&gt;x&lt;/reference_data&gt;&lt;unitcost&gt;not 
listed&lt;/unitcost&gt;&lt;/SKU&gt;&lt;SKU&gt;&lt;SKUID&gt;SKU0139&lt;/SKUID&gt;&lt;qty&gt;84&lt;/qty&gt;&lt;description&gt;Part 
Number:938&lt;/description&gt;&lt;reference_data&gt;x&lt;/reference_data&gt;&lt;unitcost&gt;not 
listed&lt;/unitcost&gt;&lt;/SKU&gt;&lt;SKU&gt;&lt;SKUID&gt;SKU0140&lt;/SKUID&gt;&lt;qty&gt;84&lt;/qty&gt;&lt;description&gt;Part 
Number:51&lt;/description&gt;&lt;reference_data&gt;x&lt;/reference_data&gt;&lt;unitcost&gt;not 
listed&lt;/unitcost&gt;&lt;/SKU&gt;&lt;SKU&gt;&lt;SKUID&gt;SKU0141&lt;/SKUID&gt;&lt;qty&gt;14&lt;/qty&gt;&lt;description&gt;Part 
Number:157&lt;/description&gt;&lt;reference_data&gt;x&lt;/reference_data&gt;&lt;unitcost&gt;not 
listed&lt;/unitcost&gt;&lt;/SKU&gt;&lt;SKU&gt;&lt;SKUID&gt;SKU0142&lt;/SKUID&gt;&lt;qty&gt;8&lt;/qty&gt;&lt;description&gt;Part 
Number:907&lt;/description&gt;&lt;reference_data&gt;x&lt;/reference_data&gt;&lt;unitcost&gt;not 
listed&lt;/unitcost&gt;&lt;/SKU&gt;&lt;SKU&gt;&lt;SKUID&gt;SKU0143&lt;/SKUID&gt;&lt;qty&gt;18&lt;/qty&gt;&lt;description&gt;Part 
Number:898&lt;/description&gt;&lt;reference_data&gt;x&lt;/reference_data&gt;&lt;unitcost&gt;not 
listed&lt;/unitcost&gt;&lt;/SKU&gt;&lt;SKU&gt;&lt;SKUID&gt;SKU0144&lt;/SKUID&gt;&lt;qty&gt;62&lt;/qty&gt;&lt;description&gt;Part 
Number:754&lt;/description&gt;&lt;reference_data&gt;x&lt;/reference_data&gt;&lt;unitcost&gt;not 
listed&lt;/unitcost&gt;&lt;/SKU&gt;&lt;SKU&gt;&lt;SKUID&gt;SKU0145&lt;/SKUID&gt;&lt;qty&gt;52&lt;/qty&gt;&lt;description&gt;Part 
Number:165&lt;/description&gt;&lt;reference_data&gt;x&lt;/reference_data&gt;&lt;unitcost&gt;not 
listed&lt;/unitcost&gt;&lt;/SKU&gt;&lt;SKU&gt;&lt;SKUID&gt;SKU0146&lt;/SKUID&gt;&lt;qty&gt;30&lt;/qty&gt;&lt;description&gt;Part 
Number:555&lt;/description&gt;&lt;reference_data&gt;x&lt;/reference_data&gt;&lt;unitcost&gt;not 
listed&lt;/unitcost&gt;&lt;/SKU&gt;&lt;SKU&gt;&lt;SKUID&gt;SKU0147&lt;/SKUID&gt;&lt;qty&gt;0&lt;/qty&gt;&lt;description&gt;Part 
Number:34&lt;/description&gt;&lt;reference_data&gt;x&lt;/reference_data&gt;&lt;unitcost&gt;not 
listed&lt;/unitcost&gt;&lt;/SKU&gt;&lt;SKU&gt;&lt;SKUID&gt;SKU0148&lt;/SKUID&gt;&lt;qty&gt;89&lt;/qty&gt;&lt;description&gt;Part 
Number:119&lt;/description&gt;&lt;reference_data&gt;x&lt;/reference_data&gt;&lt;unitcost&gt;not 
listed&lt;/unitcost&gt;&lt;/SKU&gt;&lt;SKU&gt;&lt;SKUID&gt;SKU0149&lt;/SKUID&gt;&lt;qty&gt;34&lt;/qty&gt;&lt;description&gt;Part 
Number:2&lt;/description&gt;&lt;reference_data&gt;x&lt;/reference_data&gt;&lt;unitcost&gt;not 
listed&lt;/unitcost&gt;&lt;/SKU&gt;&lt;SKU&gt;&lt;SKUID&gt;SKU0150&lt;/SKUID&gt;&lt;qty&gt;79&lt;/qty&gt;&lt;description&gt;Part 
Number:490&lt;/description&gt;&lt;reference_data&gt;x&lt;/reference_data&gt;&lt;unitcost&gt;not 
listed&lt;/unitcost&gt;&lt;/SKU&gt;&lt;SKU&gt;&lt;SKUID&gt;SKU0151&lt;/SKUID&gt;&lt;qty&gt;16&lt;/qty&gt;&lt;description&gt;Part 
Number:689&lt;/description&gt;&lt;reference_data&gt;x&lt;/reference_data&gt;&lt;unitcost&gt;not 
listed&lt;/unitcost&gt;&lt;/SKU&gt;&lt;SKU&gt;&lt;SKUID&gt;SKU0152&lt;/SKUID&gt;&lt;qty&gt;96&lt;/qty&gt;&lt;description&gt;Part 
Number:626&lt;/description&gt;&lt;reference_data&gt;x&lt;/reference_data&gt;&lt;unitcost&gt;not 
listed&lt;/unitcost&gt;&lt;/SKU&gt;&lt;SKU&gt;&lt;SKUID&gt;SKU0153&lt;/SKUID&gt;&lt;qty&gt;2&lt;/qty&gt;&lt;description&gt;Part 
Number:311&lt;/description&gt;&lt;reference_data&gt;x&lt;/reference_data&gt;&lt;unitcost&gt;not 
listed&lt;/unitcost&gt;&lt;/SKU&gt;&lt;SKU&gt;&lt;SKUID&gt;SKU0154&lt;/SKUID&gt;&lt;qty&gt;46&lt;/qty&gt;&lt;description&gt;Part 
Number:840&lt;/description&gt;&lt;reference_data&gt;x&lt;/reference_data&gt;&lt;unitcost&gt;not 
listed&lt;/unitcost&gt;&lt;/SKU&gt;&lt;SKU&gt;&lt;SKUID&gt;SKU0155&lt;/SKUID&gt;&lt;qty&gt;72&lt;/qty&gt;&lt;description&gt;Part 
Number:843&lt;/description&gt;&lt;reference_data&gt;x&lt;/reference_data&gt;&lt;unitcost&gt;not 
listed&lt;/unitcost&gt;&lt;/SKU&gt;&lt;SKU&gt;&lt;SKUID&gt;SKU0156&lt;/SKUID&gt;&lt;qty&gt;45&lt;/qty&gt;&lt;description&gt;Part 
Number:608&lt;/description&gt;&lt;reference_data&gt;x&lt;/reference_data&gt;&lt;unitcost&gt;not 
listed&lt;/unitcost&gt;&lt;/SKU&gt;&lt;SKU&gt;&lt;SKUID&gt;SKU0157&lt;/SKUID&gt;&lt;qty&gt;7&lt;/qty&gt;&lt;description&gt;Part 
Number:770&lt;/description&gt;&lt;reference_data&gt;x&lt;/reference_data&gt;&lt;unitcost&gt;not 
listed&lt;/unitcost&gt;&lt;/SKU&gt;&lt;SKU&gt;&lt;SKUID&gt;SKU0158&lt;/SKUID&gt;&lt;qty&gt;34&lt;/qty&gt;&lt;description&gt;Part 
Number:949&lt;/description&gt;&lt;reference_data&gt;x&lt;/reference_data&gt;&lt;unitcost&gt;not 
listed&lt;/unitcost&gt;&lt;/SKU&gt;&lt;SKU&gt;&lt;SKUID&gt;SKU0159&lt;/SKUID&gt;&lt;qty&gt;4&lt;/qty&gt;&lt;description&gt;Part 
Number:621&lt;/description&gt;&lt;reference_data&gt;x&lt;/reference_data&gt;&lt;unitcost&gt;not 
listed&lt;/unitcost&gt;&lt;/SKU&gt;&lt;SKU&gt;&lt;SKUID&gt;SKU0160&lt;/SKUID&gt;&lt;qty&gt;22&lt;/qty&gt;&lt;description&gt;Part 
Number:59&lt;/description&gt;&lt;reference_data&gt;x&lt;/reference_data&gt;&lt;unitcost&gt;not 
listed&lt;/unitcost&gt;&lt;/SKU&gt;&lt;SKU&gt;&lt;SKUID&gt;SKU0161&lt;/SKUID&gt;&lt;qty&gt;38&lt;/qty&gt;&lt;description&gt;Part 
Number:353&lt;/description&gt;&lt;reference_data&gt;x&lt;/reference_data&gt;&lt;unitcost&gt;not 
listed&lt;/unitcost&gt;&lt;/SKU&gt;&lt;SKU&gt;&lt;SKUID&gt;SKU0162&lt;/SKUID&gt;&lt;qty&gt;93&lt;/qty&gt;&lt;description&gt;Part 
Number:844&lt;/description&gt;&lt;reference_data&gt;x&lt;/reference_data&gt;&lt;unitcost&gt;not 
listed&lt;/unitcost&gt;&lt;/SKU&gt;&lt;SKU&gt;&lt;SKUID&gt;SKU0163&lt;/SKUID&gt;&lt;qty&gt;4&lt;/qty&gt;&lt;description&gt;Part 
Number:364&lt;/description&gt;&lt;reference_data&gt;x&lt;/reference_data&gt;&lt;unitcost&gt;not 
listed&lt;/unitcost&gt;&lt;/SKU&gt;&lt;SKU&gt;&lt;SKUID&gt;SKU0164&lt;/SKUID&gt;&lt;qty&gt;81&lt;/qty&gt;&lt;description&gt;Part 
Number:383&lt;/description&gt;&lt;reference_data&gt;x&lt;/reference_data&gt;&lt;unitcost&gt;not 
listed&lt;/unitcost&gt;&lt;/SKU&gt;&lt;SKU&gt;&lt;SKUID&gt;SKU0165&lt;/SKUID&gt;&lt;qty&gt;63&lt;/qty&gt;&lt;description&gt;Part 
Number:463&lt;/description&gt;&lt;reference_data&gt;x&lt;/reference_data&gt;&lt;unitcost&gt;not 
listed&lt;/unitcost&gt;&lt;/SKU&gt;&lt;SKU&gt;&lt;SKUID&gt;SKU0166&lt;/SKUID&gt;&lt;qty&gt;95&lt;/qty&gt;&lt;description&gt;Part 
Number:163&lt;/description&gt;&lt;reference_data&gt;x&lt;/reference_data&gt;&lt;unitcost&gt;not 
listed&lt;/unitcost&gt;&lt;/SKU&gt;&lt;SKU&gt;&lt;SKUID&gt;SKU0167&lt;/SKUID&gt;&lt;qty&gt;77&lt;/qty&gt;&lt;description&gt;Part 
Number:963&lt;/description&gt;&lt;reference_data&gt;x&lt;/reference_data&gt;&lt;unitcost&gt;not 
listed&lt;/unitcost&gt;&lt;/SKU&gt;&lt;SKU&gt;&lt;SKUID&gt;SKU0168&lt;/SKUID&gt;&lt;qty&gt;65&lt;/qty&gt;&lt;description&gt;Part 
Number:61&lt;/description&gt;&lt;reference_data&gt;x&lt;/reference_data&gt;&lt;unitcost&gt;not 
listed&lt;/unitcost&gt;&lt;/SKU&gt;&lt;SKU&gt;&lt;SKUID&gt;SKU0169&lt;/SKUID&gt;&lt;qty&gt;42&lt;/qty&gt;&lt;description&gt;Part 
Number:935&lt;/description&gt;&lt;reference_data&gt;x&lt;/reference_data&gt;&lt;unitcost&gt;not 
listed&lt;/unitcost&gt;&lt;/SKU&gt;&lt;SKU&gt;&lt;SKUID&gt;SKU0170&lt;/SKUID&gt;&lt;qty&gt;34&lt;/qty&gt;&lt;description&gt;Part 
Number:18&lt;/description&gt;&lt;reference_data&gt;x&lt;/reference_data&gt;&lt;unitcost&gt;not 
listed&lt;/unitcost&gt;&lt;/SKU&gt;&lt;SKU&gt;&lt;SKUID&gt;SKU0171&lt;/SKUID&gt;&lt;qty&gt;89&lt;/qty&gt;&lt;description&gt;Part 
Number:296&lt;/description&gt;&lt;reference_data&gt;x&lt;/reference_data&gt;&lt;unitcost&gt;not 
listed&lt;/unitcost&gt;&lt;/SKU&gt;&lt;SKU&gt;&lt;SKUID&gt;SKU0172&lt;/SKUID&gt;&lt;qty&gt;88&lt;/qty&gt;&lt;description&gt;Part 
Number:717&lt;/description&gt;&lt;reference_data&gt;x&lt;/reference_data&gt;&lt;unitcost&gt;not 
listed&lt;/unitcost&gt;&lt;/SKU&gt;&lt;SKU&gt;&lt;SKUID&gt;SKU0173&lt;/SKUID&gt;&lt;qty&gt;25&lt;/qty&gt;&lt;description&gt;Part 
Number:956&lt;/description&gt;&lt;reference_data&gt;x&lt;/reference_data&gt;&lt;unitcost&gt;not 
listed&lt;/unitcost&gt;&lt;/SKU&gt;&lt;SKU&gt;&lt;SKUID&gt;SKU0174&lt;/SKUID&gt;&lt;qty&gt;80&lt;/qty&gt;&lt;description&gt;Part 
Number:952&lt;/description&gt;&lt;reference_data&gt;x&lt;/reference_data&gt;&lt;unitcost&gt;not 
listed&lt;/unitcost&gt;&lt;/SKU&gt;&lt;SKU&gt;&lt;SKUID&gt;SKU0175&lt;/SKUID&gt;&lt;qty&gt;48&lt;/qty&gt;&lt;description&gt;Part 
Number:880&lt;/description&gt;&lt;reference_data&gt;x&lt;/reference_data&gt;&lt;unitcost&gt;not 
listed&lt;/unitcost&gt;&lt;/SKU&gt;&lt;SKU&gt;&lt;SKUID&gt;SKU0176&lt;/SKUID&gt;&lt;qty&gt;92&lt;/qty&gt;&lt;description&gt;Part 
Number:346&lt;/description&gt;&lt;reference_data&gt;x&lt;/reference_data&gt;&lt;unitcost&gt;not 
listed&lt;/unitcost&gt;&lt;/SKU&gt;&lt;SKU&gt;&lt;SKUID&gt;SKU0177&lt;/SKUID&gt;&lt;qty&gt;43&lt;/qty&gt;&lt;description&gt;Part 
Number:176&lt;/description&gt;&lt;reference_data&gt;x&lt;/reference_data&gt;&lt;unitcost&gt;not 
listed&lt;/unitcost&gt;&lt;/SKU&gt;&lt;SKU&gt;&lt;SKUID&gt;SKU0178&lt;/SKUID&gt;&lt;qty&gt;84&lt;/qty&gt;&lt;description&gt;Part 
Number:809&lt;/description&gt;&lt;reference_data&gt;x&lt;/reference_data&gt;&lt;unitcost&gt;not 
listed&lt;/unitcost&gt;&lt;/SKU&gt;&lt;SKU&gt;&lt;SKUID&gt;SKU0179&lt;/SKUID&gt;&lt;qty&gt;10&lt;/qty&gt;&lt;description&gt;Part 
Number:264&lt;/description&gt;&lt;reference_data&gt;x&lt;/reference_data&gt;&lt;unitcost&gt;not 
listed&lt;/unitcost&gt;&lt;/SKU&gt;&lt;SKU&gt;&lt;SKUID&gt;SKU0180&lt;/SKUID&gt;&lt;qty&gt;96&lt;/qty&gt;&lt;description&gt;Part 
Number:246&lt;/description&gt;&lt;reference_data&gt;x&lt;/reference_data&gt;&lt;unitcost&gt;not 
listed&lt;/unitcost&gt;&lt;/SKU&gt;&lt;SKU&gt;&lt;SKUID&gt;SKU0181&lt;/SKUID&gt;&lt;qty&gt;16&lt;/qty&gt;&lt;description&gt;Part 
Number:433&lt;/description&gt;&lt;reference_data&gt;x&lt;/reference_data&gt;&lt;unitcost&gt;not 
listed&lt;/unitcost&gt;&lt;/SKU&gt;&lt;SKU&gt;&lt;SKUID&gt;SKU0182&lt;/SKUID&gt;&lt;qty&gt;10&lt;/qty&gt;&lt;description&gt;Part 
Number:612&lt;/description&gt;&lt;reference_data&gt;x&lt;/reference_data&gt;&lt;unitcost&gt;not 
listed&lt;/unitcost&gt;&lt;/SKU&gt;&lt;SKU&gt;&lt;SKUID&gt;SKU0183&lt;/SKUID&gt;&lt;qty&gt;73&lt;/qty&gt;&lt;description&gt;Part 
Number:33&lt;/description&gt;&lt;reference_data&gt;x&lt;/reference_data&gt;&lt;unitcost&gt;not 
listed&lt;/unitcost&gt;&lt;/SKU&gt;&lt;SKU&gt;&lt;SKUID&gt;SKU0184&lt;/SKUID&gt;&lt;qty&gt;94&lt;/qty&gt;&lt;description&gt;Part 
Number:9&lt;/description&gt;&lt;reference_data&gt;x&lt;/reference_data&gt;&lt;unitcost&gt;not 
listed&lt;/unitcost&gt;&lt;/SKU&gt;&lt;SKU&gt;&lt;SKUID&gt;SKU0185&lt;/SKUID&gt;&lt;qty&gt;23&lt;/qty&gt;&lt;description&gt;Part 
Number:574&lt;/description&gt;&lt;reference_data&gt;x&lt;/reference_data&gt;&lt;unitcost&gt;not 
listed&lt;/unitcost&gt;&lt;/SKU&gt;&lt;SKU&gt;&lt;SKUID&gt;SKU0186&lt;/SKUID&gt;&lt;qty&gt;47&lt;/qty&gt;&lt;description&gt;Part 
Number:329&lt;/description&gt;&lt;reference_data&gt;x&lt;/reference_data&gt;&lt;unitcost&gt;not 
listed&lt;/unitcost&gt;&lt;/SKU&gt;&lt;SKU&gt;&lt;SKUID&gt;SKU0187&lt;/SKUID&gt;&lt;qty&gt;42&lt;/qty&gt;&lt;description&gt;Part 
Number:763&lt;/description&gt;&lt;reference_data&gt;x&lt;/reference_data&gt;&lt;unitcost&gt;not 
listed&lt;/unitcost&gt;&lt;/SKU&gt;&lt;SKU&gt;&lt;SKUID&gt;SKU0188&lt;/SKUID&gt;&lt;qty&gt;80&lt;/qty&gt;&lt;description&gt;Part 
Number:530&lt;/description&gt;&lt;reference_data&gt;x&lt;/reference_data&gt;&lt;unitcost&gt;not 
listed&lt;/unitcost&gt;&lt;/SKU&gt;&lt;SKU&gt;&lt;SKUID&gt;SKU0189&lt;/SKUID&gt;&lt;qty&gt;5&lt;/qty&gt;&lt;description&gt;Part 
Number:584&lt;/description&gt;&lt;reference_data&gt;x&lt;/reference_data&gt;&lt;unitcost&gt;not 
listed&lt;/unitcost&gt;&lt;/SKU&gt;&lt;SKU&gt;&lt;SKUID&gt;SKU0190&lt;/SKUID&gt;&lt;qty&gt;96&lt;/qty&gt;&lt;description&gt;Part 
Number:493&lt;/description&gt;&lt;reference_data&gt;x&lt;/reference_data&gt;&lt;unitcost&gt;not 
listed&lt;/unitcost&gt;&lt;/SKU&gt;&lt;SKU&gt;&lt;SKUID&gt;SKU0191&lt;/SKUID&gt;&lt;qty&gt;21&lt;/qty&gt;&lt;description&gt;Part 
Number:281&lt;/description&gt;&lt;reference_data&gt;x&lt;/reference_data&gt;&lt;unitcost&gt;not 
listed&lt;/unitcost&gt;&lt;/SKU&gt;&lt;SKU&gt;&lt;SKUID&gt;SKU0192&lt;/SKUID&gt;&lt;qty&gt;21&lt;/qty&gt;&lt;description&gt;Part 
Number:600&lt;/description&gt;&lt;reference_data&gt;x&lt;/reference_data&gt;&lt;unitcost&gt;not 
listed&lt;/unitcost&gt;&lt;/SKU&gt;&lt;SKU&gt;&lt;SKUID&gt;SKU0193&lt;/SKUID&gt;&lt;qty&gt;31&lt;/qty&gt;&lt;description&gt;Part 
Number:932&lt;/description&gt;&lt;reference_data&gt;x&lt;/reference_data&gt;&lt;unitcost&gt;not 
listed&lt;/unitcost&gt;&lt;/SKU&gt;&lt;SKU&gt;&lt;SKUID&gt;SKU0194&lt;/SKUID&gt;&lt;qty&gt;19&lt;/qty&gt;&lt;description&gt;Part 
Number:532&lt;/description&gt;&lt;reference_data&gt;x&lt;/reference_data&gt;&lt;unitcost&gt;not 
listed&lt;/unitcost&gt;&lt;/SKU&gt;&lt;SKU&gt;&lt;SKUID&gt;SKU0195&lt;/SKUID&gt;&lt;qty&gt;93&lt;/qty&gt;&lt;description&gt;Part 
Number:30&lt;/description&gt;&lt;reference_data&gt;x&lt;/reference_data&gt;&lt;unitcost&gt;not 
listed&lt;/unitcost&gt;&lt;/SKU&gt;&lt;SKU&gt;&lt;SKUID&gt;SKU0196&lt;/SKUID&gt;&lt;qty&gt;24&lt;/qty&gt;&lt;description&gt;Part 
Number:613&lt;/description&gt;&lt;reference_data&gt;x&lt;/reference_data&gt;&lt;unitcost&gt;not 
listed&lt;/unitcost&gt;&lt;/SKU&gt;&lt;SKU&gt;&lt;SKUID&gt;SKU0197&lt;/SKUID&gt;&lt;qty&gt;77&lt;/qty&gt;&lt;description&gt;Part 
Number:421&lt;/description&gt;&lt;reference_data&gt;x&lt;/reference_data&gt;&lt;unitcost&gt;not 
listed&lt;/unitcost&gt;&lt;/SKU&gt;&lt;SKU&gt;&lt;SKUID&gt;SKU0198&lt;/SKUID&gt;&lt;qty&gt;70&lt;/qty&gt;&lt;description&gt;Part 
Number:842&lt;/description&gt;&lt;reference_data&gt;x&lt;/reference_data&gt;&lt;unitcost&gt;not 
listed&lt;/unitcost&gt;&lt;/SKU&gt;&lt;SKU&gt;&lt;SKUID&gt;SKU0199&lt;/SKUID&gt;&lt;qty&gt;46&lt;/qty&gt;&lt;description&gt;Part 
Number:165&lt;/description&gt;&lt;reference_data&gt;x&lt;/reference_data&gt;&lt;unitcost&gt;not 
listed&lt;/unitcost&gt;&lt;/SKU&gt;&lt;SKU&gt;&lt;SKUID&gt;SKU0200&lt;/SKUID&gt;&lt;qty&gt;22&lt;/qty&gt;&lt;description&gt;Part 
Number:363&lt;/description&gt;&lt;reference_data&gt;x&lt;/reference_data&gt;&lt;unitcost&gt;not 
listed&lt;/unitcost&gt;&lt;/SKU&gt;&lt;SKU&gt;&lt;SKUID&gt;SKU0201&lt;/SKUID&gt;&lt;qty&gt;50&lt;/qty&gt;&lt;description&gt;Part 
Number:57&lt;/description&gt;&lt;reference_data&gt;x&lt;/reference_data&gt;&lt;unitcost&gt;not 
listed&lt;/unitcost&gt;&lt;/SKU&gt;&lt;SKU&gt;&lt;SKUID&gt;SKU0202&lt;/SKUID&gt;&lt;qty&gt;18&lt;/qty&gt;&lt;description&gt;Part 
Number:672&lt;/description&gt;&lt;reference_data&gt;x&lt;/reference_data&gt;&lt;unitcost&gt;not 
listed&lt;/unitcost&gt;&lt;/SKU&gt;&lt;SKU&gt;&lt;SKUID&gt;SKU0203&lt;/SKUID&gt;&lt;qty&gt;53&lt;/qty&gt;&lt;description&gt;Part 
Number:665&lt;/description&gt;&lt;reference_data&gt;x&lt;/reference_data&gt;&lt;unitcost&gt;not 
listed&lt;/unitcost&gt;&lt;/SKU&gt;&lt;SKU&gt;&lt;SKUID&gt;SKU0204&lt;/SKUID&gt;&lt;qty&gt;47&lt;/qty&gt;&lt;description&gt;Part 
Number:153&lt;/description&gt;&lt;reference_data&gt;x&lt;/reference_data&gt;&lt;unitcost&gt;not 
listed&lt;/unitcost&gt;&lt;/SKU&gt;&lt;SKU&gt;&lt;SKUID&gt;SKU0205&lt;/SKUID&gt;&lt;qty&gt;86&lt;/qty&gt;&lt;description&gt;Part 
Number:350&lt;/description&gt;&lt;reference_data&gt;x&lt;/reference_data&gt;&lt;unitcost&gt;not 
listed&lt;/unitcost&gt;&lt;/SKU&gt;&lt;SKU&gt;&lt;SKUID&gt;SKU0206&lt;/SKUID&gt;&lt;qty&gt;83&lt;/qty&gt;&lt;description&gt;Part 
Number:348&lt;/description&gt;&lt;reference_data&gt;x&lt;/reference_data&gt;&lt;unitcost&gt;not 
listed&lt;/unitcost&gt;&lt;/SKU&gt;&lt;SKU&gt;&lt;SKUID&gt;SKU0207&lt;/SKUID&gt;&lt;qty&gt;51&lt;/qty&gt;&lt;description&gt;Part 
Number:575&lt;/description&gt;&lt;reference_data&gt;x&lt;/reference_data&gt;&lt;unitcost&gt;not 
listed&lt;/unitcost&gt;&lt;/SKU&gt;&lt;SKU&gt;&lt;SKUID&gt;SKU0208&lt;/SKUID&gt;&lt;qty&gt;39&lt;/qty&gt;&lt;description&gt;Part 
Number:508&lt;/description&gt;&lt;reference_data&gt;x&lt;/reference_data&gt;&lt;unitcost&gt;not 
listed&lt;/unitcost&gt;&lt;/SKU&gt;&lt;SKU&gt;&lt;SKUID&gt;SKU0209&lt;/SKUID&gt;&lt;qty&gt;51&lt;/qty&gt;&lt;description&gt;Part 
Number:865&lt;/description&gt;&lt;reference_data&gt;x&lt;/reference_data&gt;&lt;unitcost&gt;not 
listed&lt;/unitcost&gt;&lt;/SKU&gt;&lt;SKU&gt;&lt;SKUID&gt;SKU0210&lt;/SKUID&gt;&lt;qty&gt;39&lt;/qty&gt;&lt;description&gt;Part 
Number:477&lt;/description&gt;&lt;reference_data&gt;x&lt;/reference_data&gt;&lt;unitcost&gt;not 
listed&lt;/unitcost&gt;&lt;/SKU&gt;&lt;SKU&gt;&lt;SKUID&gt;SKU0211&lt;/SKUID&gt;&lt;qty&gt;17&lt;/qty&gt;&lt;description&gt;Part 
Number:317&lt;/description&gt;&lt;reference_data&gt;x&lt;/reference_data&gt;&lt;unitcost&gt;not 
listed&lt;/unitcost&gt;&lt;/SKU&gt;&lt;SKU&gt;&lt;SKUID&gt;SKU0212&lt;/SKUID&gt;&lt;qty&gt;23&lt;/qty&gt;&lt;description&gt;Part 
Number:756&lt;/description&gt;&lt;reference_data&gt;x&lt;/reference_data&gt;&lt;unitcost&gt;not 
listed&lt;/unitcost&gt;&lt;/SKU&gt;&lt;SKU&gt;&lt;SKUID&gt;SKU0213&lt;/SKUID&gt;&lt;qty&gt;74&lt;/qty&gt;&lt;description&gt;Part 
Number:634&lt;/description&gt;&lt;reference_data&gt;x&lt;/reference_data&gt;&lt;unitcost&gt;not 
listed&lt;/unitcost&gt;&lt;/SKU&gt;&lt;SKU&gt;&lt;SKUID&gt;SKU0214&lt;/SKUID&gt;&lt;qty&gt;4&lt;/qty&gt;&lt;description&gt;Part 
Number:884&lt;/description&gt;&lt;reference_data&gt;x&lt;/reference_data&gt;&lt;unitcost&gt;not 
listed&lt;/unitcost&gt;&lt;/SKU&gt;&lt;SKU&gt;&lt;SKUID&gt;SKU0215&lt;/SKUID&gt;&lt;qty&gt;34&lt;/qty&gt;&lt;description&gt;Part 
Number:358&lt;/description&gt;&lt;reference_data&gt;x&lt;/reference_data&gt;&lt;unitcost&gt;not 
listed&lt;/unitcost&gt;&lt;/SKU&gt;&lt;SKU&gt;&lt;SKUID&gt;SKU0216&lt;/SKUID&gt;&lt;qty&gt;67&lt;/qty&gt;&lt;description&gt;Part 
Number:843&lt;/description&gt;&lt;reference_data&gt;x&lt;/reference_data&gt;&lt;unitcost&gt;not 
listed&lt;/unitcost&gt;&lt;/SKU&gt;&lt;SKU&gt;&lt;SKUID&gt;SKU0217&lt;/SKUID&gt;&lt;qty&gt;19&lt;/qty&gt;&lt;description&gt;Part 
Number:906&lt;/description&gt;&lt;reference_data&gt;x&lt;/reference_data&gt;&lt;unitcost&gt;not 
listed&lt;/unitcost&gt;&lt;/SKU&gt;&lt;SKU&gt;&lt;SKUID&gt;SKU0218&lt;/SKUID&gt;&lt;qty&gt;75&lt;/qty&gt;&lt;description&gt;Part 
Number:840&lt;/description&gt;&lt;reference_data&gt;x&lt;/reference_data&gt;&lt;unitcost&gt;not 
listed&lt;/unitcost&gt;&lt;/SKU&gt;&lt;SKU&gt;&lt;SKUID&gt;SKU0219&lt;/SKUID&gt;&lt;qty&gt;79&lt;/qty&gt;&lt;description&gt;Part 
Number:678&lt;/description&gt;&lt;reference_data&gt;x&lt;/reference_data&gt;&lt;unitcost&gt;not 
listed&lt;/unitcost&gt;&lt;/SKU&gt;&lt;SKU&gt;&lt;SKUID&gt;SKU0220&lt;/SKUID&gt;&lt;qty&gt;83&lt;/qty&gt;&lt;description&gt;Part 
Number:15&lt;/description&gt;&lt;reference_data&gt;x&lt;/reference_data&gt;&lt;unitcost&gt;not 
listed&lt;/unitcost&gt;&lt;/SKU&gt;&lt;SKU&gt;&lt;SKUID&gt;SKU0221&lt;/SKUID&gt;&lt;qty&gt;10&lt;/qty&gt;&lt;description&gt;Part 
Number:886&lt;/description&gt;&lt;reference_data&gt;x&lt;/reference_data&gt;&lt;unitcost&gt;not 
listed&lt;/unitcost&gt;&lt;/SKU&gt;&lt;SKU&gt;&lt;SKUID&gt;SKU0222&lt;/SKUID&gt;&lt;qty&gt;39&lt;/qty&gt;&lt;description&gt;Part 
Number:969&lt;/description&gt;&lt;reference_data&gt;x&lt;/reference_data&gt;&lt;unitcost&gt;not 
listed&lt;/unitcost&gt;&lt;/SKU&gt;&lt;SKU&gt;&lt;SKUID&gt;SKU0223&lt;/SKUID&gt;&lt;qty&gt;15&lt;/qty&gt;&lt;description&gt;Part 
Number:4&lt;/description&gt;&lt;reference_data&gt;x&lt;/reference_data&gt;&lt;unitcost&gt;not 
listed&lt;/unitcost&gt;&lt;/SKU&gt;&lt;SKU&gt;&lt;SKUID&gt;SKU0224&lt;/SKUID&gt;&lt;qty&gt;3&lt;/qty&gt;&lt;description&gt;Part 
Number:852&lt;/description&gt;&lt;reference_data&gt;x&lt;/reference_data&gt;&lt;unitcost&gt;not 
listed&lt;/unitcost&gt;&lt;/SKU&gt;&lt;SKU&gt;&lt;SKUID&gt;SKU0225&lt;/SKUID&gt;&lt;qty&gt;11&lt;/qty&gt;&lt;description&gt;Part 
Number:700&lt;/description&gt;&lt;reference_data&gt;x&lt;/reference_data&gt;&lt;unitcost&gt;not 
listed&lt;/unitcost&gt;&lt;/SKU&gt;&lt;SKU&gt;&lt;SKUID&gt;SKU0226&lt;/SKUID&gt;&lt;qty&gt;3&lt;/qty&gt;&lt;description&gt;Part 
Number:457&lt;/description&gt;&lt;reference_data&gt;x&lt;/reference_data&gt;&lt;unitcost&gt;not 
listed&lt;/unitcost&gt;&lt;/SKU&gt;&lt;SKU&gt;&lt;SKUID&gt;SKU0227&lt;/SKUID&gt;&lt;qty&gt;46&lt;/qty&gt;&lt;description&gt;Part 
Number:911&lt;/description&gt;&lt;reference_data&gt;x&lt;/reference_data&gt;&lt;unitcost&gt;not 
listed&lt;/unitcost&gt;&lt;/SKU&gt;&lt;SKU&gt;&lt;SKUID&gt;SKU0228&lt;/SKUID&gt;&lt;qty&gt;51&lt;/qty&gt;&lt;description&gt;Part 
Number:183&lt;/description&gt;&lt;reference_data&gt;x&lt;/reference_data&gt;&lt;unitcost&gt;not 
listed&lt;/unitcost&gt;&lt;/SKU&gt;&lt;SKU&gt;&lt;SKUID&gt;SKU0229&lt;/SKUID&gt;&lt;qty&gt;65&lt;/qty&gt;&lt;description&gt;Part 
Number:25&lt;/description&gt;&lt;reference_data&gt;x&lt;/reference_data&gt;&lt;unitcost&gt;not 
listed&lt;/unitcost&gt;&lt;/SKU&gt;&lt;SKU&gt;&lt;SKUID&gt;SKU0230&lt;/SKUID&gt;&lt;qty&gt;20&lt;/qty&gt;&lt;description&gt;Part 
Number:298&lt;/description&gt;&lt;reference_data&gt;x&lt;/reference_data&gt;&lt;unitcost&gt;not 
listed&lt;/unitcost&gt;&lt;/SKU&gt;&lt;SKU&gt;&lt;SKUID&gt;SKU0231&lt;/SKUID&gt;&lt;qty&gt;14&lt;/qty&gt;&lt;description&gt;Part 
Number:301&lt;/description&gt;&lt;reference_data&gt;x&lt;/reference_data&gt;&lt;unitcost&gt;not 
listed&lt;/unitcost&gt;&lt;/SKU&gt;&lt;SKU&gt;&lt;SKUID&gt;SKU0232&lt;/SKUID&gt;&lt;qty&gt;81&lt;/qty&gt;&lt;description&gt;Part 
Number:416&lt;/description&gt;&lt;reference_data&gt;x&lt;/reference_data&gt;&lt;unitcost&gt;not 
listed&lt;/unitcost&gt;&lt;/SKU&gt;&lt;SKU&gt;&lt;SKUID&gt;SKU0233&lt;/SKUID&gt;&lt;qty&gt;54&lt;/qty&gt;&lt;description&gt;Part 
Number:661&lt;/description&gt;&lt;reference_data&gt;x&lt;/reference_data&gt;&lt;unitcost&gt;not 
listed&lt;/unitcost&gt;&lt;/SKU&gt;&lt;SKU&gt;&lt;SKUID&gt;SKU0234&lt;/SKUID&gt;&lt;qty&gt;56&lt;/qty&gt;&lt;description&gt;Part 
Number:235&lt;/description&gt;&lt;reference_data&gt;x&lt;/reference_data&gt;&lt;unitcost&gt;not 
listed&lt;/unitcost&gt;&lt;/SKU&gt;&lt;SKU&gt;&lt;SKUID&gt;SKU0235&lt;/SKUID&gt;&lt;qty&gt;51&lt;/qty&gt;&lt;description&gt;Part 
Number:832&lt;/description&gt;&lt;reference_data&gt;x&lt;/reference_data&gt;&lt;unitcost&gt;not 
listed&lt;/unitcost&gt;&lt;/SKU&gt;&lt;SKU&gt;&lt;SKUID&gt;SKU0236&lt;/SKUID&gt;&lt;qty&gt;31&lt;/qty&gt;&lt;description&gt;Part 
Number:941&lt;/description&gt;&lt;reference_data&gt;x&lt;/reference_data&gt;&lt;unitcost&gt;not 
listed&lt;/unitcost&gt;&lt;/SKU&gt;&lt;SKU&gt;&lt;SKUID&gt;SKU0237&lt;/SKUID&gt;&lt;qty&gt;79&lt;/qty&gt;&lt;description&gt;Part 
Number:687&lt;/description&gt;&lt;reference_data&gt;x&lt;/reference_data&gt;&lt;unitcost&gt;not 
listed&lt;/unitcost&gt;&lt;/SKU&gt;&lt;SKU&gt;&lt;SKUID&gt;SKU0238&lt;/SKUID&gt;&lt;qty&gt;16&lt;/qty&gt;&lt;description&gt;Part 
Number:674&lt;/description&gt;&lt;reference_data&gt;x&lt;/reference_data&gt;&lt;unitcost&gt;not 
listed&lt;/unitcost&gt;&lt;/SKU&gt;&lt;SKU&gt;&lt;SKUID&gt;SKU0239&lt;/SKUID&gt;&lt;qty&gt;60&lt;/qty&gt;&lt;description&gt;Part 
Number:978&lt;/description&gt;&lt;reference_data&gt;x&lt;/reference_data&gt;&lt;unitcost&gt;not 
listed&lt;/unitcost&gt;&lt;/SKU&gt;&lt;SKU&gt;&lt;SKUID&gt;SKU0240&lt;/SKUID&gt;&lt;qty&gt;65&lt;/qty&gt;&lt;description&gt;Part 
Number:265&lt;/description&gt;&lt;reference_data&gt;x&lt;/reference_data&gt;&lt;unitcost&gt;not 
listed&lt;/unitcost&gt;&lt;/SKU&gt;&lt;SKU&gt;&lt;SKUID&gt;SKU0241&lt;/SKUID&gt;&lt;qty&gt;18&lt;/qty&gt;&lt;description&gt;Part 
Number:731&lt;/description&gt;&lt;reference_data&gt;x&lt;/reference_data&gt;&lt;unitcost&gt;not 
listed&lt;/unitcost&gt;&lt;/SKU&gt;&lt;SKU&gt;&lt;SKUID&gt;SKU0242&lt;/SKUID&gt;&lt;qty&gt;66&lt;/qty&gt;&lt;description&gt;Part 
Number:522&lt;/description&gt;&lt;reference_data&gt;x&lt;/reference_data&gt;&lt;unitcost&gt;not 
listed&lt;/unitcost&gt;&lt;/SKU&gt;&lt;SKU&gt;&lt;SKUID&gt;SKU0243&lt;/SKUID&gt;&lt;qty&gt;86&lt;/qty&gt;&lt;description&gt;Part 
Number:999&lt;/description&gt;&lt;reference_data&gt;x&lt;/reference_data&gt;&lt;unitcost&gt;not 
listed&lt;/unitcost&gt;&lt;/SKU&gt;&lt;SKU&gt;&lt;SKUID&gt;SKU0244&lt;/SKUID&gt;&lt;qty&gt;89&lt;/qty&gt;&lt;description&gt;Part 
Number:148&lt;/description&gt;&lt;reference_data&gt;x&lt;/reference_data&gt;&lt;unitcost&gt;not 
listed&lt;/unitcost&gt;&lt;/SKU&gt;&lt;SKU&gt;&lt;SKUID&gt;SKU0245&lt;/SKUID&gt;&lt;qty&gt;50&lt;/qty&gt;&lt;description&gt;Part 
Number:423&lt;/description&gt;&lt;reference_data&gt;x&lt;/reference_data&gt;&lt;unitcost&gt;not 
listed&lt;/unitcost&gt;&lt;/SKU&gt;&lt;SKU&gt;&lt;SKUID&gt;SKU0246&lt;/SKUID&gt;&lt;qty&gt;48&lt;/qty&gt;&lt;description&gt;Part 
Number:760&lt;/description&gt;&lt;reference_data&gt;x&lt;/reference_data&gt;&lt;unitcost&gt;not 
listed&lt;/unitcost&gt;&lt;/SKU&gt;&lt;SKU&gt;&lt;SKUID&gt;SKU0247&lt;/SKUID&gt;&lt;qty&gt;17&lt;/qty&gt;&lt;description&gt;Part 
Number:170&lt;/description&gt;&lt;reference_data&gt;x&lt;/reference_data&gt;&lt;unitcost&gt;not 
listed&lt;/unitcost&gt;&lt;/SKU&gt;&lt;SKU&gt;&lt;SKUID&gt;SKU0248&lt;/SKUID&gt;&lt;qty&gt;94&lt;/qty&gt;&lt;description&gt;Part 
Number:17&lt;/description&gt;&lt;reference_data&gt;x&lt;/reference_data&gt;&lt;unitcost&gt;not 
listed&lt;/unitcost&gt;&lt;/SKU&gt;&lt;SKU&gt;&lt;SKUID&gt;SKU0249&lt;/SKUID&gt;&lt;qty&gt;78&lt;/qty&gt;&lt;description&gt;Part 
Number:637&lt;/description&gt;&lt;reference_data&gt;x&lt;/reference_data&gt;&lt;unitcost&gt;not 
listed&lt;/unitcost&gt;&lt;/SKU&gt;&lt;SKU&gt;&lt;SKUID&gt;SKU0250&lt;/SKUID&gt;&lt;qty&gt;31&lt;/qty&gt;&lt;description&gt;Part 
Number:727&lt;/description&gt;&lt;reference_data&gt;x&lt;/reference_data&gt;&lt;unitcost&gt;not 
listed&lt;/unitcost&gt;&lt;/SKU&gt;&lt;SKU&gt;&lt;SKUID&gt;SKU0251&lt;/SKUID&gt;&lt;qty&gt;66&lt;/qty&gt;&lt;description&gt;Part 
Number:386&lt;/description&gt;&lt;reference_data&gt;x&lt;/reference_data&gt;&lt;unitcost&gt;not 
listed&lt;/unitcost&gt;&lt;/SKU&gt;&lt;SKU&gt;&lt;SKUID&gt;SKU0252&lt;/SKUID&gt;&lt;qty&gt;41&lt;/qty&gt;&lt;description&gt;Part 
Number:19&lt;/description&gt;&lt;reference_data&gt;x&lt;/reference_data&gt;&lt;unitcost&gt;not 
listed&lt;/unitcost&gt;&lt;/SKU&gt;&lt;SKU&gt;&lt;SKUID&gt;SKU0253&lt;/SKUID&gt;&lt;qty&gt;41&lt;/qty&gt;&lt;description&gt;Part 
Number:645&lt;/description&gt;&lt;reference_data&gt;x&lt;/reference_data&gt;&lt;unitcost&gt;not 
listed&lt;/unitcost&gt;&lt;/SKU&gt;&lt;SKU&gt;&lt;SKUID&gt;SKU0254&lt;/SKUID&gt;&lt;qty&gt;85&lt;/qty&gt;&lt;description&gt;Part 
Number:616&lt;/description&gt;&lt;reference_data&gt;x&lt;/reference_data&gt;&lt;unitcost&gt;not 
listed&lt;/unitcost&gt;&lt;/SKU&gt;&lt;SKU&gt;&lt;SKUID&gt;SKU0255&lt;/SKUID&gt;&lt;qty&gt;98&lt;/qty&gt;&lt;description&gt;Part 
Number:818&lt;/description&gt;&lt;reference_data&gt;x&lt;/reference_data&gt;&lt;unitcost&gt;not 
listed&lt;/unitcost&gt;&lt;/SKU&gt;&lt;SKU&gt;&lt;SKUID&gt;SKU0256&lt;/SKUID&gt;&lt;qty&gt;44&lt;/qty&gt;&lt;description&gt;Part 
Number:698&lt;/description&gt;&lt;reference_data&gt;x&lt;/reference_data&gt;&lt;unitcost&gt;not 
listed&lt;/unitcost&gt;&lt;/SKU&gt;&lt;SKU&gt;&lt;SKUID&gt;SKU0257&lt;/SKUID&gt;&lt;qty&gt;69&lt;/qty&gt;&lt;description&gt;Part 
Number:855&lt;/description&gt;&lt;reference_data&gt;x&lt;/reference_data&gt;&lt;unitcost&gt;not 
listed&lt;/unitcost&gt;&lt;/SKU&gt;&lt;SKU&gt;&lt;SKUID&gt;SKU0258&lt;/SKUID&gt;&lt;qty&gt;72&lt;/qty&gt;&lt;description&gt;Part 
Number:713&lt;/description&gt;&lt;reference_data&gt;x&lt;/reference_data&gt;&lt;unitcost&gt;not 
listed&lt;/unitcost&gt;&lt;/SKU&gt;&lt;SKU&gt;&lt;SKUID&gt;SKU0259&lt;/SKUID&gt;&lt;qty&gt;28&lt;/qty&gt;&lt;description&gt;Part 
Number:812&lt;/description&gt;&lt;reference_data&gt;x&lt;/reference_data&gt;&lt;unitcost&gt;not 
listed&lt;/unitcost&gt;&lt;/SKU&gt;&lt;SKU&gt;&lt;SKUID&gt;SKU0260&lt;/SKUID&gt;&lt;qty&gt;26&lt;/qty&gt;&lt;description&gt;Part 
Number:696&lt;/description&gt;&lt;reference_data&gt;x&lt;/reference_data&gt;&lt;unitcost&gt;not 
listed&lt;/unitcost&gt;&lt;/SKU&gt;&lt;SKU&gt;&lt;SKUID&gt;SKU0261&lt;/SKUID&gt;&lt;qty&gt;45&lt;/qty&gt;&lt;description&gt;Part 
Number:770&lt;/description&gt;&lt;reference_data&gt;x&lt;/reference_data&gt;&lt;unitcost&gt;not 
listed&lt;/unitcost&gt;&lt;/SKU&gt;&lt;SKU&gt;&lt;SKUID&gt;SKU0262&lt;/SKUID&gt;&lt;qty&gt;14&lt;/qty&gt;&lt;description&gt;Part 
Number:975&lt;/description&gt;&lt;reference_data&gt;x&lt;/reference_data&gt;&lt;unitcost&gt;not 
listed&lt;/unitcost&gt;&lt;/SKU&gt;&lt;SKU&gt;&lt;SKUID&gt;SKU0263&lt;/SKUID&gt;&lt;qty&gt;66&lt;/qty&gt;&lt;description&gt;Part 
Number:246&lt;/description&gt;&lt;reference_data&gt;x&lt;/reference_data&gt;&lt;unitcost&gt;not 
listed&lt;/unitcost&gt;&lt;/SKU&gt;&lt;SKU&gt;&lt;SKUID&gt;SKU0264&lt;/SKUID&gt;&lt;qty&gt;67&lt;/qty&gt;&lt;description&gt;Part 
Number:269&lt;/description&gt;&lt;reference_data&gt;x&lt;/reference_data&gt;&lt;unitcost&gt;not 
listed&lt;/unitcost&gt;&lt;/SKU&gt;&lt;SKU&gt;&lt;SKUID&gt;SKU0265&lt;/SKUID&gt;&lt;qty&gt;85&lt;/qty&gt;&lt;description&gt;Part 
Number:188&lt;/description&gt;&lt;reference_data&gt;x&lt;/reference_data&gt;&lt;unitcost&gt;not 
listed&lt;/unitcost&gt;&lt;/SKU&gt;&lt;SKU&gt;&lt;SKUID&gt;SKU0266&lt;/SKUID&gt;&lt;qty&gt;83&lt;/qty&gt;&lt;description&gt;Part 
Number:27&lt;/description&gt;&lt;reference_data&gt;x&lt;/reference_data&gt;&lt;unitcost&gt;not 
listed&lt;/unitcost&gt;&lt;/SKU&gt;&lt;SKU&gt;&lt;SKUID&gt;SKU0267&lt;/SKUID&gt;&lt;qty&gt;1&lt;/qty&gt;&lt;description&gt;Part 
Number:871&lt;/description&gt;&lt;reference_data&gt;x&lt;/reference_data&gt;&lt;unitcost&gt;not 
listed&lt;/unitcost&gt;&lt;/SKU&gt;&lt;SKU&gt;&lt;SKUID&gt;SKU0268&lt;/SKUID&gt;&lt;qty&gt;79&lt;/qty&gt;&lt;description&gt;Part 
Number:67&lt;/description&gt;&lt;reference_data&gt;x&lt;/reference_data&gt;&lt;unitcost&gt;not 
listed&lt;/unitcost&gt;&lt;/SKU&gt;&lt;SKU&gt;&lt;SKUID&gt;SKU0269&lt;/SKUID&gt;&lt;qty&gt;79&lt;/qty&gt;&lt;description&gt;Part 
Number:935&lt;/description&gt;&lt;reference_data&gt;x&lt;/reference_data&gt;&lt;unitcost&gt;not 
listed&lt;/unitcost&gt;&lt;/SKU&gt;&lt;SKU&gt;&lt;SKUID&gt;SKU0270&lt;/SKUID&gt;&lt;qty&gt;97&lt;/qty&gt;&lt;description&gt;Part 
Number:303&lt;/description&gt;&lt;reference_data&gt;x&lt;/reference_data&gt;&lt;unitcost&gt;not 
listed&lt;/unitcost&gt;&lt;/SKU&gt;&lt;SKU&gt;&lt;SKUID&gt;SKU0271&lt;/SKUID&gt;&lt;qty&gt;42&lt;/qty&gt;&lt;description&gt;Part 
Number:144&lt;/description&gt;&lt;reference_data&gt;x&lt;/reference_data&gt;&lt;unitcost&gt;not 
listed&lt;/unitcost&gt;&lt;/SKU&gt;&lt;SKU&gt;&lt;SKUID&gt;SKU0272&lt;/SKUID&gt;&lt;qty&gt;81&lt;/qty&gt;&lt;description&gt;Part 
Number:335&lt;/description&gt;&lt;reference_data&gt;x&lt;/reference_data&gt;&lt;unitcost&gt;not 
listed&lt;/unitcost&gt;&lt;/SKU&gt;&lt;SKU&gt;&lt;SKUID&gt;SKU0273&lt;/SKUID&gt;&lt;qty&gt;32&lt;/qty&gt;&lt;description&gt;Part 
Number:369&lt;/description&gt;&lt;reference_data&gt;x&lt;/reference_data&gt;&lt;unitcost&gt;not 
listed&lt;/unitcost&gt;&lt;/SKU&gt;&lt;SKU&gt;&lt;SKUID&gt;SKU0274&lt;/SKUID&gt;&lt;qty&gt;69&lt;/qty&gt;&lt;description&gt;Part 
Number:783&lt;/description&gt;&lt;reference_data&gt;x&lt;/reference_data&gt;&lt;unitcost&gt;not 
listed&lt;/unitcost&gt;&lt;/SKU&gt;&lt;SKU&gt;&lt;SKUID&gt;SKU0275&lt;/SKUID&gt;&lt;qty&gt;68&lt;/qty&gt;&lt;description&gt;Part 
Number:257&lt;/description&gt;&lt;reference_data&gt;x&lt;/reference_data&gt;&lt;unitcost&gt;not 
listed&lt;/unitcost&gt;&lt;/SKU&gt;&lt;SKU&gt;&lt;SKUID&gt;SKU0276&lt;/SKUID&gt;&lt;qty&gt;68&lt;/qty&gt;&lt;description&gt;Part 
Number:231&lt;/description&gt;&lt;reference_data&gt;x&lt;/reference_data&gt;&lt;unitcost&gt;not 
listed&lt;/unitcost&gt;&lt;/SKU&gt;&lt;SKU&gt;&lt;SKUID&gt;SKU0277&lt;/SKUID&gt;&lt;qty&gt;64&lt;/qty&gt;&lt;description&gt;Part 
Number:397&lt;/description&gt;&lt;reference_data&gt;x&lt;/reference_data&gt;&lt;unitcost&gt;not 
listed&lt;/unitcost&gt;&lt;/SKU&gt;&lt;SKU&gt;&lt;SKUID&gt;SKU0278&lt;/SKUID&gt;&lt;qty&gt;45&lt;/qty&gt;&lt;description&gt;Part 
Number:751&lt;/description&gt;&lt;reference_data&gt;x&lt;/reference_data&gt;&lt;unitcost&gt;not 
listed&lt;/unitcost&gt;&lt;/SKU&gt;&lt;SKU&gt;&lt;SKUID&gt;SKU0279&lt;/SKUID&gt;&lt;qty&gt;52&lt;/qty&gt;&lt;description&gt;Part 
Number:501&lt;/description&gt;&lt;reference_data&gt;x&lt;/reference_data&gt;&lt;unitcost&gt;not 
listed&lt;/unitcost&gt;&lt;/SKU&gt;&lt;SKU&gt;&lt;SKUID&gt;SKU0280&lt;/SKUID&gt;&lt;qty&gt;86&lt;/qty&gt;&lt;description&gt;Part 
Number:840&lt;/description&gt;&lt;reference_data&gt;x&lt;/reference_data&gt;&lt;unitcost&gt;not 
listed&lt;/unitcost&gt;&lt;/SKU&gt;&lt;SKU&gt;&lt;SKUID&gt;SKU0281&lt;/SKUID&gt;&lt;qty&gt;35&lt;/qty&gt;&lt;description&gt;Part 
Number:20&lt;/description&gt;&lt;reference_data&gt;x&lt;/reference_data&gt;&lt;unitcost&gt;not 
listed&lt;/unitcost&gt;&lt;/SKU&gt;&lt;SKU&gt;&lt;SKUID&gt;SKU0282&lt;/SKUID&gt;&lt;qty&gt;13&lt;/qty&gt;&lt;description&gt;Part 
Number:486&lt;/description&gt;&lt;reference_data&gt;x&lt;/reference_data&gt;&lt;unitcost&gt;not 
listed&lt;/unitcost&gt;&lt;/SKU&gt;&lt;SKU&gt;&lt;SKUID&gt;SKU0283&lt;/SKUID&gt;&lt;qty&gt;45&lt;/qty&gt;&lt;description&gt;Part 
Number:643&lt;/description&gt;&lt;reference_data&gt;x&lt;/reference_data&gt;&lt;unitcost&gt;not 
listed&lt;/unitcost&gt;&lt;/SKU&gt;&lt;SKU&gt;&lt;SKUID&gt;SKU0284&lt;/SKUID&gt;&lt;qty&gt;33&lt;/qty&gt;&lt;description&gt;Part 
Number:998&lt;/description&gt;&lt;reference_data&gt;x&lt;/reference_data&gt;&lt;unitcost&gt;not 
listed&lt;/unitcost&gt;&lt;/SKU&gt;&lt;SKU&gt;&lt;SKUID&gt;SKU0285&lt;/SKUID&gt;&lt;qty&gt;56&lt;/qty&gt;&lt;description&gt;Part 
Number:667&lt;/description&gt;&lt;reference_data&gt;x&lt;/reference_data&gt;&lt;unitcost&gt;not 
listed&lt;/unitcost&gt;&lt;/SKU&gt;&lt;SKU&gt;&lt;SKUID&gt;SKU0286&lt;/SKUID&gt;&lt;qty&gt;50&lt;/qty&gt;&lt;description&gt;Part 
Number:899&lt;/description&gt;&lt;reference_data&gt;x&lt;/reference_data&gt;&lt;unitcost&gt;not 
listed&lt;/unitcost&gt;&lt;/SKU&gt;&lt;SKU&gt;&lt;SKUID&gt;SKU0287&lt;/SKUID&gt;&lt;qty&gt;86&lt;/qty&gt;&lt;description&gt;Part 
Number:544&lt;/description&gt;&lt;reference_data&gt;x&lt;/reference_data&gt;&lt;unitcost&gt;not 
listed&lt;/unitcost&gt;&lt;/SKU&gt;&lt;SKU&gt;&lt;SKUID&gt;SKU0288&lt;/SKUID&gt;&lt;qty&gt;86&lt;/qty&gt;&lt;description&gt;Part 
Number:263&lt;/description&gt;&lt;reference_data&gt;x&lt;/reference_data&gt;&lt;unitcost&gt;not 
listed&lt;/unitcost&gt;&lt;/SKU&gt;&lt;SKU&gt;&lt;SKUID&gt;SKU0289&lt;/SKUID&gt;&lt;qty&gt;64&lt;/qty&gt;&lt;description&gt;Part 
Number:941&lt;/description&gt;&lt;reference_data&gt;x&lt;/reference_data&gt;&lt;unitcost&gt;not 
listed&lt;/unitcost&gt;&lt;/SKU&gt;&lt;SKU&gt;&lt;SKUID&gt;SKU0290&lt;/SKUID&gt;&lt;qty&gt;81&lt;/qty&gt;&lt;description&gt;Part 
Number:873&lt;/description&gt;&lt;reference_data&gt;x&lt;/reference_data&gt;&lt;unitcost&gt;not 
listed&lt;/unitcost&gt;&lt;/SKU&gt;&lt;SKU&gt;&lt;SKUID&gt;SKU0291&lt;/SKUID&gt;&lt;qty&gt;24&lt;/qty&gt;&lt;description&gt;Part 
Number:765&lt;/description&gt;&lt;reference_data&gt;x&lt;/reference_data&gt;&lt;unitcost&gt;not 
listed&lt;/unitcost&gt;&lt;/SKU&gt;&lt;SKU&gt;&lt;SKUID&gt;SKU0292&lt;/SKUID&gt;&lt;qty&gt;70&lt;/qty&gt;&lt;description&gt;Part 
Number:154&lt;/description&gt;&lt;reference_data&gt;x&lt;/reference_data&gt;&lt;unitcost&gt;not 
listed&lt;/unitcost&gt;&lt;/SKU&gt;&lt;SKU&gt;&lt;SKUID&gt;SKU0293&lt;/SKUID&gt;&lt;qty&gt;58&lt;/qty&gt;&lt;description&gt;Part 
Number:249&lt;/description&gt;&lt;reference_data&gt;x&lt;/reference_data&gt;&lt;unitcost&gt;not 
listed&lt;/unitcost&gt;&lt;/SKU&gt;&lt;SKU&gt;&lt;SKUID&gt;SKU0294&lt;/SKUID&gt;&lt;qty&gt;17&lt;/qty&gt;&lt;description&gt;Part 
Number:210&lt;/description&gt;&lt;reference_data&gt;x&lt;/reference_data&gt;&lt;unitcost&gt;not 
listed&lt;/unitcost&gt;&lt;/SKU&gt;&lt;SKU&gt;&lt;SKUID&gt;SKU0295&lt;/SKUID&gt;&lt;qty&gt;25&lt;/qty&gt;&lt;description&gt;Part 
Number:255&lt;/description&gt;&lt;reference_data&gt;x&lt;/reference_data&gt;&lt;unitcost&gt;not 
listed&lt;/unitcost&gt;&lt;/SKU&gt;&lt;SKU&gt;&lt;SKUID&gt;SKU0296&lt;/SKUID&gt;&lt;qty&gt;1&lt;/qty&gt;&lt;description&gt;Part 
Number:502&lt;/description&gt;&lt;reference_data&gt;x&lt;/reference_data&gt;&lt;unitcost&gt;not 
listed&lt;/unitcost&gt;&lt;/SKU&gt;&lt;SKU&gt;&lt;SKUID&gt;SKU0297&lt;/SKUID&gt;&lt;qty&gt;44&lt;/qty&gt;&lt;description&gt;Part 
Number:163&lt;/description&gt;&lt;reference_data&gt;x&lt;/reference_data&gt;&lt;unitcost&gt;not 
listed&lt;/unitcost&gt;&lt;/SKU&gt;&lt;SKU&gt;&lt;SKUID&gt;SKU0298&lt;/SKUID&gt;&lt;qty&gt;47&lt;/qty&gt;&lt;description&gt;Part 
Number:619&lt;/description&gt;&lt;reference_data&gt;x&lt;/reference_data&gt;&lt;unitcost&gt;not 
listed&lt;/unitcost&gt;&lt;/SKU&gt;&lt;SKU&gt;&lt;SKUID&gt;SKU0299&lt;/SKUID&gt;&lt;qty&gt;26&lt;/qty&gt;&lt;description&gt;Part 
Number:622&lt;/description&gt;&lt;reference_data&gt;x&lt;/reference_data&gt;&lt;unitcost&gt;not 
listed&lt;/unitcost&gt;&lt;/SKU&gt;&lt;SKU&gt;&lt;SKUID&gt;SKU0300&lt;/SKUID&gt;&lt;qty&gt;53&lt;/qty&gt;&lt;description&gt;Part 
Number:699&lt;/description&gt;&lt;reference_data&gt;x&lt;/reference_data&gt;&lt;unitcost&gt;not 
listed&lt;/unitcost&gt;&lt;/SKU&gt;&lt;SKU&gt;&lt;SKUID&gt;SKU0301&lt;/SKUID&gt;&lt;qty&gt;60&lt;/qty&gt;&lt;description&gt;Part 
Number:783&lt;/description&gt;&lt;reference_data&gt;x&lt;/reference_data&gt;&lt;unitcost&gt;not 
listed&lt;/unitcost&gt;&lt;/SKU&gt;&lt;SKU&gt;&lt;SKUID&gt;SKU0302&lt;/SKUID&gt;&lt;qty&gt;40&lt;/qty&gt;&lt;description&gt;Part 
Number:518&lt;/description&gt;&lt;reference_data&gt;x&lt;/reference_data&gt;&lt;unitcost&gt;not 
listed&lt;/unitcost&gt;&lt;/SKU&gt;&lt;SKU&gt;&lt;SKUID&gt;SKU0303&lt;/SKUID&gt;&lt;qty&gt;26&lt;/qty&gt;&lt;description&gt;Part 
Number:411&lt;/description&gt;&lt;reference_data&gt;x&lt;/reference_data&gt;&lt;unitcost&gt;not 
listed&lt;/unitcost&gt;&lt;/SKU&gt;&lt;SKU&gt;&lt;SKUID&gt;SKU0304&lt;/SKUID&gt;&lt;qty&gt;2&lt;/qty&gt;&lt;description&gt;Part 
Number:269&lt;/description&gt;&lt;reference_data&gt;x&lt;/reference_data&gt;&lt;unitcost&gt;not 
listed&lt;/unitcost&gt;&lt;/SKU&gt;&lt;SKU&gt;&lt;SKUID&gt;SKU0305&lt;/SKUID&gt;&lt;qty&gt;40&lt;/qty&gt;&lt;description&gt;Part 
Number:12&lt;/description&gt;&lt;reference_data&gt;x&lt;/reference_data&gt;&lt;unitcost&gt;not 
listed&lt;/unitcost&gt;&lt;/SKU&gt;&lt;SKU&gt;&lt;SKUID&gt;SKU0306&lt;/SKUID&gt;&lt;qty&gt;30&lt;/qty&gt;&lt;description&gt;Part 
Number:286&lt;/description&gt;&lt;reference_data&gt;x&lt;/reference_data&gt;&lt;unitcost&gt;not 
listed&lt;/unitcost&gt;&lt;/SKU&gt;&lt;SKU&gt;&lt;SKUID&gt;SKU0307&lt;/SKUID&gt;&lt;qty&gt;85&lt;/qty&gt;&lt;description&gt;Part 
Number:533&lt;/description&gt;&lt;reference_data&gt;x&lt;/reference_data&gt;&lt;unitcost&gt;not 
listed&lt;/unitcost&gt;&lt;/SKU&gt;&lt;SKU&gt;&lt;SKUID&gt;SKU0308&lt;/SKUID&gt;&lt;qty&gt;26&lt;/qty&gt;&lt;description&gt;Part 
Number:823&lt;/description&gt;&lt;reference_data&gt;x&lt;/reference_data&gt;&lt;unitcost&gt;not 
listed&lt;/unitcost&gt;&lt;/SKU&gt;&lt;SKU&gt;&lt;SKUID&gt;SKU0309&lt;/SKUID&gt;&lt;qty&gt;36&lt;/qty&gt;&lt;description&gt;Part 
Number:6&lt;/description&gt;&lt;reference_data&gt;x&lt;/reference_data&gt;&lt;unitcost&gt;not 
listed&lt;/unitcost&gt;&lt;/SKU&gt;&lt;SKU&gt;&lt;SKUID&gt;SKU0310&lt;/SKUID&gt;&lt;qty&gt;92&lt;/qty&gt;&lt;description&gt;Part 
Number:51&lt;/description&gt;&lt;reference_data&gt;x&lt;/reference_data&gt;&lt;unitcost&gt;not 
listed&lt;/unitcost&gt;&lt;/SKU&gt;&lt;SKU&gt;&lt;SKUID&gt;SKU0311&lt;/SKUID&gt;&lt;qty&gt;4&lt;/qty&gt;&lt;description&gt;Part 
Number:691&lt;/description&gt;&lt;reference_data&gt;x&lt;/reference_data&gt;&lt;unitcost&gt;not 
listed&lt;/unitcost&gt;&lt;/SKU&gt;&lt;SKU&gt;&lt;SKUID&gt;SKU0312&lt;/SKUID&gt;&lt;qty&gt;98&lt;/qty&gt;&lt;description&gt;Part 
Number:243&lt;/description&gt;&lt;reference_data&gt;x&lt;/reference_data&gt;&lt;unitcost&gt;not 
listed&lt;/unitcost&gt;&lt;/SKU&gt;&lt;SKU&gt;&lt;SKUID&gt;SKU0313&lt;/SKUID&gt;&lt;qty&gt;0&lt;/qty&gt;&lt;description&gt;Part 
Number:973&lt;/description&gt;&lt;reference_data&gt;x&lt;/reference_data&gt;&lt;unitcost&gt;not 
listed&lt;/unitcost&gt;&lt;/SKU&gt;&lt;SKU&gt;&lt;SKUID&gt;SKU0314&lt;/SKUID&gt;&lt;qty&gt;79&lt;/qty&gt;&lt;description&gt;Part 
Number:890&lt;/description&gt;&lt;reference_data&gt;x&lt;/reference_data&gt;&lt;unitcost&gt;not 
listed&lt;/unitcost&gt;&lt;/SKU&gt;&lt;SKU&gt;&lt;SKUID&gt;SKU0315&lt;/SKUID&gt;&lt;qty&gt;57&lt;/qty&gt;&lt;description&gt;Part 
Number:660&lt;/description&gt;&lt;reference_data&gt;x&lt;/reference_data&gt;&lt;unitcost&gt;not 
listed&lt;/unitcost&gt;&lt;/SKU&gt;&lt;SKU&gt;&lt;SKUID&gt;SKU0316&lt;/SKUID&gt;&lt;qty&gt;36&lt;/qty&gt;&lt;description&gt;Part 
Number:601&lt;/description&gt;&lt;reference_data&gt;x&lt;/reference_data&gt;&lt;unitcost&gt;not 
listed&lt;/unitcost&gt;&lt;/SKU&gt;&lt;SKU&gt;&lt;SKUID&gt;SKU0317&lt;/SKUID&gt;&lt;qty&gt;37&lt;/qty&gt;&lt;description&gt;Part 
Number:217&lt;/description&gt;&lt;reference_data&gt;x&lt;/reference_data&gt;&lt;unitcost&gt;not 
listed&lt;/unitcost&gt;&lt;/SKU&gt;&lt;SKU&gt;&lt;SKUID&gt;SKU0318&lt;/SKUID&gt;&lt;qty&gt;88&lt;/qty&gt;&lt;description&gt;Part 
Number:289&lt;/description&gt;&lt;reference_data&gt;x&lt;/reference_data&gt;&lt;unitcost&gt;not 
listed&lt;/unitcost&gt;&lt;/SKU&gt;&lt;SKU&gt;&lt;SKUID&gt;SKU0319&lt;/SKUID&gt;&lt;qty&gt;71&lt;/qty&gt;&lt;description&gt;Part 
Number:18&lt;/description&gt;&lt;reference_data&gt;x&lt;/reference_data&gt;&lt;unitcost&gt;not 
listed&lt;/unitcost&gt;&lt;/SKU&gt;&lt;SKU&gt;&lt;SKUID&gt;SKU0320&lt;/SKUID&gt;&lt;qty&gt;98&lt;/qty&gt;&lt;description&gt;Part 
Number:135&lt;/description&gt;&lt;reference_data&gt;x&lt;/reference_data&gt;&lt;unitcost&gt;not 
listed&lt;/unitcost&gt;&lt;/SKU&gt;&lt;SKU&gt;&lt;SKUID&gt;SKU0321&lt;/SKUID&gt;&lt;qty&gt;79&lt;/qty&gt;&lt;description&gt;Part 
Number:380&lt;/description&gt;&lt;reference_data&gt;x&lt;/reference_data&gt;&lt;unitcost&gt;not 
listed&lt;/unitcost&gt;&lt;/SKU&gt;&lt;SKU&gt;&lt;SKUID&gt;SKU0322&lt;/SKUID&gt;&lt;qty&gt;7&lt;/qty&gt;&lt;description&gt;Part 
Number:160&lt;/description&gt;&lt;reference_data&gt;x&lt;/reference_data&gt;&lt;unitcost&gt;not 
listed&lt;/unitcost&gt;&lt;/SKU&gt;&lt;SKU&gt;&lt;SKUID&gt;SKU0323&lt;/SKUID&gt;&lt;qty&gt;11&lt;/qty&gt;&lt;description&gt;Part 
Number:592&lt;/description&gt;&lt;reference_data&gt;x&lt;/reference_data&gt;&lt;unitcost&gt;not 
listed&lt;/unitcost&gt;&lt;/SKU&gt;&lt;SKU&gt;&lt;SKUID&gt;SKU0324&lt;/SKUID&gt;&lt;qty&gt;96&lt;/qty&gt;&lt;description&gt;Part 
Number:10&lt;/description&gt;&lt;reference_data&gt;x&lt;/reference_data&gt;&lt;unitcost&gt;not 
listed&lt;/unitcost&gt;&lt;/SKU&gt;&lt;SKU&gt;&lt;SKUID&gt;SKU0325&lt;/SKUID&gt;&lt;qty&gt;71&lt;/qty&gt;&lt;description&gt;Part 
Number:770&lt;/description&gt;&lt;reference_data&gt;x&lt;/reference_data&gt;&lt;unitcost&gt;not 
listed&lt;/unitcost&gt;&lt;/SKU&gt;&lt;SKU&gt;&lt;SKUID&gt;SKU0326&lt;/SKUID&gt;&lt;qty&gt;10&lt;/qty&gt;&lt;description&gt;Part 
Number:43&lt;/description&gt;&lt;reference_data&gt;x&lt;/reference_data&gt;&lt;unitcost&gt;not 
listed&lt;/unitcost&gt;&lt;/SKU&gt;&lt;SKU&gt;&lt;SKUID&gt;SKU0327&lt;/SKUID&gt;&lt;qty&gt;57&lt;/qty&gt;&lt;description&gt;Part 
Number:704&lt;/description&gt;&lt;reference_data&gt;x&lt;/reference_data&gt;&lt;unitcost&gt;not 
listed&lt;/unitcost&gt;&lt;/SKU&gt;&lt;SKU&gt;&lt;SKUID&gt;SKU0328&lt;/SKUID&gt;&lt;qty&gt;35&lt;/qty&gt;&lt;description&gt;Part 
Number:667&lt;/description&gt;&lt;reference_data&gt;x&lt;/reference_data&gt;&lt;unitcost&gt;not 
listed&lt;/unitcost&gt;&lt;/SKU&gt;&lt;SKU&gt;&lt;SKUID&gt;SKU0329&lt;/SKUID&gt;&lt;qty&gt;5&lt;/qty&gt;&lt;description&gt;Part 
Number:588&lt;/description&gt;&lt;reference_data&gt;x&lt;/reference_data&gt;&lt;unitcost&gt;not 
listed&lt;/unitcost&gt;&lt;/SKU&gt;&lt;SKU&gt;&lt;SKUID&gt;SKU0330&lt;/SKUID&gt;&lt;qty&gt;43&lt;/qty&gt;&lt;description&gt;Part 
Number:182&lt;/description&gt;&lt;reference_data&gt;x&lt;/reference_data&gt;&lt;unitcost&gt;not 
listed&lt;/unitcost&gt;&lt;/SKU&gt;&lt;SKU&gt;&lt;SKUID&gt;SKU0331&lt;/SKUID&gt;&lt;qty&gt;39&lt;/qty&gt;&lt;description&gt;Part 
Number:298&lt;/description&gt;&lt;reference_data&gt;x&lt;/reference_data&gt;&lt;unitcost&gt;not 
listed&lt;/unitcost&gt;&lt;/SKU&gt;&lt;SKU&gt;&lt;SKUID&gt;SKU0332&lt;/SKUID&gt;&lt;qty&gt;10&lt;/qty&gt;&lt;description&gt;Part 
Number:488&lt;/description&gt;&lt;reference_data&gt;x&lt;/reference_data&gt;&lt;unitcost&gt;not 
listed&lt;/unitcost&gt;&lt;/SKU&gt;&lt;SKU&gt;&lt;SKUID&gt;SKU0333&lt;/SKUID&gt;&lt;qty&gt;59&lt;/qty&gt;&lt;description&gt;Part 
Number:345&lt;/description&gt;&lt;reference_data&gt;x&lt;/reference_data&gt;&lt;unitcost&gt;not 
listed&lt;/unitcost&gt;&lt;/SKU&gt;&lt;SKU&gt;&lt;SKUID&gt;SKU0334&lt;/SKUID&gt;&lt;qty&gt;31&lt;/qty&gt;&lt;description&gt;Part 
Number:549&lt;/description&gt;&lt;reference_data&gt;x&lt;/reference_data&gt;&lt;unitcost&gt;not 
listed&lt;/unitcost&gt;&lt;/SKU&gt;&lt;SKU&gt;&lt;SKUID&gt;SKU0335&lt;/SKUID&gt;&lt;qty&gt;0&lt;/qty&gt;&lt;description&gt;Part 
Number:423&lt;/description&gt;&lt;reference_data&gt;x&lt;/reference_data&gt;&lt;unitcost&gt;not 
listed&lt;/unitcost&gt;&lt;/SKU&gt;&lt;SKU&gt;&lt;SKUID&gt;SKU0336&lt;/SKUID&gt;&lt;qty&gt;42&lt;/qty&gt;&lt;description&gt;Part 
Number:12&lt;/description&gt;&lt;reference_data&gt;x&lt;/reference_data&gt;&lt;unitcost&gt;not 
listed&lt;/unitcost&gt;&lt;/SKU&gt;&lt;SKU&gt;&lt;SKUID&gt;SKU0337&lt;/SKUID&gt;&lt;qty&gt;67&lt;/qty&gt;&lt;description&gt;Part 
Number:430&lt;/description&gt;&lt;reference_data&gt;x&lt;/reference_data&gt;&lt;unitcost&gt;not 
listed&lt;/unitcost&gt;&lt;/SKU&gt;&lt;SKU&gt;&lt;SKUID&gt;SKU0338&lt;/SKUID&gt;&lt;qty&gt;81&lt;/qty&gt;&lt;description&gt;Part 
Number:629&lt;/description&gt;&lt;reference_data&gt;x&lt;/reference_data&gt;&lt;unitcost&gt;not 
listed&lt;/unitcost&gt;&lt;/SKU&gt;&lt;SKU&gt;&lt;SKUID&gt;SKU0339&lt;/SKUID&gt;&lt;qty&gt;97&lt;/qty&gt;&lt;description&gt;Part 
Number:953&lt;/description&gt;&lt;reference_data&gt;x&lt;/reference_data&gt;&lt;unitcost&gt;not 
listed&lt;/unitcost&gt;&lt;/SKU&gt;&lt;SKU&gt;&lt;SKUID&gt;SKU0340&lt;/SKUID&gt;&lt;qty&gt;87&lt;/qty&gt;&lt;description&gt;Part 
Number:563&lt;/description&gt;&lt;reference_data&gt;x&lt;/reference_data&gt;&lt;unitcost&gt;not 
listed&lt;/unitcost&gt;&lt;/SKU&gt;&lt;SKU&gt;&lt;SKUID&gt;SKU0341&lt;/SKUID&gt;&lt;qty&gt;96&lt;/qty&gt;&lt;description&gt;Part 
Number:872&lt;/description&gt;&lt;reference_data&gt;x&lt;/reference_data&gt;&lt;unitcost&gt;not 
listed&lt;/unitcost&gt;&lt;/SKU&gt;&lt;SKU&gt;&lt;SKUID&gt;SKU0342&lt;/SKUID&gt;&lt;qty&gt;99&lt;/qty&gt;&lt;description&gt;Part 
Number:727&lt;/description&gt;&lt;reference_data&gt;x&lt;/reference_data&gt;&lt;unitcost&gt;not 
listed&lt;/unitcost&gt;&lt;/SKU&gt;&lt;SKU&gt;&lt;SKUID&gt;SKU0343&lt;/SKUID&gt;&lt;qty&gt;26&lt;/qty&gt;&lt;description&gt;Part 
Number:366&lt;/description&gt;&lt;reference_data&gt;x&lt;/reference_data&gt;&lt;unitcost&gt;not 
listed&lt;/unitcost&gt;&lt;/SKU&gt;&lt;SKU&gt;&lt;SKUID&gt;SKU0344&lt;/SKUID&gt;&lt;qty&gt;40&lt;/qty&gt;&lt;description&gt;Part 
Number:134&lt;/description&gt;&lt;reference_data&gt;x&lt;/reference_data&gt;&lt;unitcost&gt;not 
listed&lt;/unitcost&gt;&lt;/SKU&gt;&lt;SKU&gt;&lt;SKUID&gt;SKU0345&lt;/SKUID&gt;&lt;qty&gt;25&lt;/qty&gt;&lt;description&gt;Part 
Number:651&lt;/description&gt;&lt;reference_data&gt;x&lt;/reference_data&gt;&lt;unitcost&gt;not 
listed&lt;/unitcost&gt;&lt;/SKU&gt;&lt;SKU&gt;&lt;SKUID&gt;SKU0346&lt;/SKUID&gt;&lt;qty&gt;13&lt;/qty&gt;&lt;description&gt;Part 
Number:103&lt;/description&gt;&lt;reference_data&gt;x&lt;/reference_data&gt;&lt;unitcost&gt;not 
listed&lt;/unitcost&gt;&lt;/SKU&gt;&lt;SKU&gt;&lt;SKUID&gt;SKU0347&lt;/SKUID&gt;&lt;qty&gt;1&lt;/qty&gt;&lt;description&gt;Part 
Number:520&lt;/description&gt;&lt;reference_data&gt;x&lt;/reference_data&gt;&lt;unitcost&gt;not 
listed&lt;/unitcost&gt;&lt;/SKU&gt;&lt;SKU&gt;&lt;SKUID&gt;SKU0348&lt;/SKUID&gt;&lt;qty&gt;72&lt;/qty&gt;&lt;description&gt;Part 
Number:986&lt;/description&gt;&lt;reference_data&gt;x&lt;/reference_data&gt;&lt;unitcost&gt;not 
listed&lt;/unitcost&gt;&lt;/SKU&gt;&lt;SKU&gt;&lt;SKUID&gt;SKU0349&lt;/SKUID&gt;&lt;qty&gt;93&lt;/qty&gt;&lt;description&gt;Part 
Number:684&lt;/description&gt;&lt;reference_data&gt;x&lt;/reference_data&gt;&lt;unitcost&gt;not 
listed&lt;/unitcost&gt;&lt;/SKU&gt;&lt;SKU&gt;&lt;SKUID&gt;SKU0350&lt;/SKUID&gt;&lt;qty&gt;49&lt;/qty&gt;&lt;description&gt;Part 
Number:636&lt;/description&gt;&lt;reference_data&gt;x&lt;/reference_data&gt;&lt;unitcost&gt;not 
listed&lt;/unitcost&gt;&lt;/SKU&gt;&lt;SKU&gt;&lt;SKUID&gt;SKU0351&lt;/SKUID&gt;&lt;qty&gt;70&lt;/qty&gt;&lt;description&gt;Part 
Number:77&lt;/description&gt;&lt;reference_data&gt;x&lt;/reference_data&gt;&lt;unitcost&gt;not 
listed&lt;/unitcost&gt;&lt;/SKU&gt;&lt;SKU&gt;&lt;SKUID&gt;SKU0352&lt;/SKUID&gt;&lt;qty&gt;63&lt;/qty&gt;&lt;description&gt;Part 
Number:714&lt;/description&gt;&lt;reference_data&gt;x&lt;/reference_data&gt;&lt;unitcost&gt;not 
listed&lt;/unitcost&gt;&lt;/SKU&gt;&lt;SKU&gt;&lt;SKUID&gt;SKU0353&lt;/SKUID&gt;&lt;qty&gt;36&lt;/qty&gt;&lt;description&gt;Part 
Number:43&lt;/description&gt;&lt;reference_data&gt;x&lt;/reference_data&gt;&lt;unitcost&gt;not 
listed&lt;/unitcost&gt;&lt;/SKU&gt;&lt;SKU&gt;&lt;SKUID&gt;SKU0354&lt;/SKUID&gt;&lt;qty&gt;70&lt;/qty&gt;&lt;description&gt;Part 
Number:154&lt;/description&gt;&lt;reference_data&gt;x&lt;/reference_data&gt;&lt;unitcost&gt;not 
listed&lt;/unitcost&gt;&lt;/SKU&gt;&lt;SKU&gt;&lt;SKUID&gt;SKU0355&lt;/SKUID&gt;&lt;qty&gt;79&lt;/qty&gt;&lt;description&gt;Part 
Number:203&lt;/description&gt;&lt;reference_data&gt;x&lt;/reference_data&gt;&lt;unitcost&gt;not 
listed&lt;/unitcost&gt;&lt;/SKU&gt;&lt;SKU&gt;&lt;SKUID&gt;SKU0356&lt;/SKUID&gt;&lt;qty&gt;31&lt;/qty&gt;&lt;description&gt;Part 
Number:312&lt;/description&gt;&lt;reference_data&gt;x&lt;/reference_data&gt;&lt;unitcost&gt;not 
listed&lt;/unitcost&gt;&lt;/SKU&gt;&lt;SKU&gt;&lt;SKUID&gt;SKU0357&lt;/SKUID&gt;&lt;qty&gt;24&lt;/qty&gt;&lt;description&gt;Part 
Number:344&lt;/description&gt;&lt;reference_data&gt;x&lt;/reference_data&gt;&lt;unitcost&gt;not 
listed&lt;/unitcost&gt;&lt;/SKU&gt;&lt;SKU&gt;&lt;SKUID&gt;SKU0358&lt;/SKUID&gt;&lt;qty&gt;7&lt;/qty&gt;&lt;description&gt;Part 
Number:914&lt;/description&gt;&lt;reference_data&gt;x&lt;/reference_data&gt;&lt;unitcost&gt;not 
listed&lt;/unitcost&gt;&lt;/SKU&gt;&lt;SKU&gt;&lt;SKUID&gt;SKU0359&lt;/SKUID&gt;&lt;qty&gt;73&lt;/qty&gt;&lt;description&gt;Part 
Number:588&lt;/description&gt;&lt;reference_data&gt;x&lt;/reference_data&gt;&lt;unitcost&gt;not 
listed&lt;/unitcost&gt;&lt;/SKU&gt;&lt;SKU&gt;&lt;SKUID&gt;SKU0360&lt;/SKUID&gt;&lt;qty&gt;40&lt;/qty&gt;&lt;description&gt;Part 
Number:517&lt;/description&gt;&lt;reference_data&gt;x&lt;/reference_data&gt;&lt;unitcost&gt;not 
listed&lt;/unitcost&gt;&lt;/SKU&gt;&lt;SKU&gt;&lt;SKUID&gt;SKU0361&lt;/SKUID&gt;&lt;qty&gt;60&lt;/qty&gt;&lt;description&gt;Part 
Number:565&lt;/description&gt;&lt;reference_data&gt;x&lt;/reference_data&gt;&lt;unitcost&gt;not 
listed&lt;/unitcost&gt;&lt;/SKU&gt;&lt;SKU&gt;&lt;SKUID&gt;SKU0362&lt;/SKUID&gt;&lt;qty&gt;69&lt;/qty&gt;&lt;description&gt;Part 
Number:345&lt;/description&gt;&lt;reference_data&gt;x&lt;/reference_data&gt;&lt;unitcost&gt;not 
listed&lt;/unitcost&gt;&lt;/SKU&gt;&lt;SKU&gt;&lt;SKUID&gt;SKU0363&lt;/SKUID&gt;&lt;qty&gt;89&lt;/qty&gt;&lt;description&gt;Part 
Number:21&lt;/description&gt;&lt;reference_data&gt;x&lt;/reference_data&gt;&lt;unitcost&gt;not 
listed&lt;/unitcost&gt;&lt;/SKU&gt;&lt;SKU&gt;&lt;SKUID&gt;SKU0364&lt;/SKUID&gt;&lt;qty&gt;66&lt;/qty&gt;&lt;description&gt;Part 
Number:251&lt;/description&gt;&lt;reference_data&gt;x&lt;/reference_data&gt;&lt;unitcost&gt;not 
listed&lt;/unitcost&gt;&lt;/SKU&gt;&lt;SKU&gt;&lt;SKUID&gt;SKU0365&lt;/SKUID&gt;&lt;qty&gt;64&lt;/qty&gt;&lt;description&gt;Part 
Number:706&lt;/description&gt;&lt;reference_data&gt;x&lt;/reference_data&gt;&lt;unitcost&gt;not 
listed&lt;/unitcost&gt;&lt;/SKU&gt;&lt;SKU&gt;&lt;SKUID&gt;SKU0366&lt;/SKUID&gt;&lt;qty&gt;89&lt;/qty&gt;&lt;description&gt;Part 
Number:422&lt;/description&gt;&lt;reference_data&gt;x&lt;/reference_data&gt;&lt;unitcost&gt;not 
listed&lt;/unitcost&gt;&lt;/SKU&gt;&lt;SKU&gt;&lt;SKUID&gt;SKU0367&lt;/SKUID&gt;&lt;qty&gt;72&lt;/qty&gt;&lt;description&gt;Part 
Number:113&lt;/description&gt;&lt;reference_data&gt;x&lt;/reference_data&gt;&lt;unitcost&gt;not 
listed&lt;/unitcost&gt;&lt;/SKU&gt;&lt;SKU&gt;&lt;SKUID&gt;SKU0368&lt;/SKUID&gt;&lt;qty&gt;65&lt;/qty&gt;&lt;description&gt;Part 
Number:511&lt;/description&gt;&lt;reference_data&gt;x&lt;/reference_data&gt;&lt;unitcost&gt;not 
listed&lt;/unitcost&gt;&lt;/SKU&gt;&lt;SKU&gt;&lt;SKUID&gt;SKU0369&lt;/SKUID&gt;&lt;qty&gt;30&lt;/qty&gt;&lt;description&gt;Part 
Number:970&lt;/description&gt;&lt;reference_data&gt;x&lt;/reference_data&gt;&lt;unitcost&gt;not 
listed&lt;/unitcost&gt;&lt;/SKU&gt;&lt;SKU&gt;&lt;SKUID&gt;SKU0370&lt;/SKUID&gt;&lt;qty&gt;22&lt;/qty&gt;&lt;description&gt;Part 
Number:523&lt;/description&gt;&lt;reference_data&gt;x&lt;/reference_data&gt;&lt;unitcost&gt;not 
listed&lt;/unitcost&gt;&lt;/SKU&gt;&lt;SKU&gt;&lt;SKUID&gt;SKU0371&lt;/SKUID&gt;&lt;qty&gt;87&lt;/qty&gt;&lt;description&gt;Part 
Number:521&lt;/description&gt;&lt;reference_data&gt;x&lt;/reference_data&gt;&lt;unitcost&gt;not 
listed&lt;/unitcost&gt;&lt;/SKU&gt;&lt;SKU&gt;&lt;SKUID&gt;SKU0372&lt;/SKUID&gt;&lt;qty&gt;21&lt;/qty&gt;&lt;description&gt;Part 
Number:230&lt;/description&gt;&lt;reference_data&gt;x&lt;/reference_data&gt;&lt;unitcost&gt;not 
listed&lt;/unitcost&gt;&lt;/SKU&gt;&lt;SKU&gt;&lt;SKUID&gt;SKU0373&lt;/SKUID&gt;&lt;qty&gt;27&lt;/qty&gt;&lt;description&gt;Part 
Number:846&lt;/description&gt;&lt;reference_data&gt;x&lt;/reference_data&gt;&lt;unitcost&gt;not 
listed&lt;/unitcost&gt;&lt;/SKU&gt;&lt;SKU&gt;&lt;SKUID&gt;SKU0374&lt;/SKUID&gt;&lt;qty&gt;4&lt;/qty&gt;&lt;description&gt;Part 
Number:205&lt;/description&gt;&lt;reference_data&gt;x&lt;/reference_data&gt;&lt;unitcost&gt;not 
listed&lt;/unitcost&gt;&lt;/SKU&gt;&lt;SKU&gt;&lt;SKUID&gt;SKU0375&lt;/SKUID&gt;&lt;qty&gt;99&lt;/qty&gt;&lt;description&gt;Part 
Number:640&lt;/description&gt;&lt;reference_data&gt;x&lt;/reference_data&gt;&lt;unitcost&gt;not 
listed&lt;/unitcost&gt;&lt;/SKU&gt;&lt;SKU&gt;&lt;SKUID&gt;SKU0376&lt;/SKUID&gt;&lt;qty&gt;49&lt;/qty&gt;&lt;description&gt;Part 
Number:256&lt;/description&gt;&lt;reference_data&gt;x&lt;/reference_data&gt;&lt;unitcost&gt;not 
listed&lt;/unitcost&gt;&lt;/SKU&gt;&lt;SKU&gt;&lt;SKUID&gt;SKU0377&lt;/SKUID&gt;&lt;qty&gt;54&lt;/qty&gt;&lt;description&gt;Part 
Number:879&lt;/description&gt;&lt;reference_data&gt;x&lt;/reference_data&gt;&lt;unitcost&gt;not 
listed&lt;/unitcost&gt;&lt;/SKU&gt;&lt;SKU&gt;&lt;SKUID&gt;SKU0378&lt;/SKUID&gt;&lt;qty&gt;10&lt;/qty&gt;&lt;description&gt;Part 
Number:926&lt;/description&gt;&lt;reference_data&gt;x&lt;/reference_data&gt;&lt;unitcost&gt;not 
listed&lt;/unitcost&gt;&lt;/SKU&gt;&lt;SKU&gt;&lt;SKUID&gt;SKU0379&lt;/SKUID&gt;&lt;qty&gt;10&lt;/qty&gt;&lt;description&gt;Part 
Number:278&lt;/description&gt;&lt;reference_data&gt;x&lt;/reference_data&gt;&lt;unitcost&gt;not 
listed&lt;/unitcost&gt;&lt;/SKU&gt;&lt;SKU&gt;&lt;SKUID&gt;SKU0380&lt;/SKUID&gt;&lt;qty&gt;16&lt;/qty&gt;&lt;description&gt;Part 
Number:745&lt;/description&gt;&lt;reference_data&gt;x&lt;/reference_data&gt;&lt;unitcost&gt;not 
listed&lt;/unitcost&gt;&lt;/SKU&gt;&lt;SKU&gt;&lt;SKUID&gt;SKU0381&lt;/SKUID&gt;&lt;qty&gt;55&lt;/qty&gt;&lt;description&gt;Part 
Number:550&lt;/description&gt;&lt;reference_data&gt;x&lt;/reference_data&gt;&lt;unitcost&gt;not 
listed&lt;/unitcost&gt;&lt;/SKU&gt;&lt;SKU&gt;&lt;SKUID&gt;SKU0382&lt;/SKUID&gt;&lt;qty&gt;23&lt;/qty&gt;&lt;description&gt;Part 
Number:692&lt;/description&gt;&lt;reference_data&gt;x&lt;/reference_data&gt;&lt;unitcost&gt;not 
listed&lt;/unitcost&gt;&lt;/SKU&gt;&lt;SKU&gt;&lt;SKUID&gt;SKU0383&lt;/SKUID&gt;&lt;qty&gt;55&lt;/qty&gt;&lt;description&gt;Part 
Number:575&lt;/description&gt;&lt;reference_data&gt;x&lt;/reference_data&gt;&lt;unitcost&gt;not 
listed&lt;/unitcost&gt;&lt;/SKU&gt;&lt;SKU&gt;&lt;SKUID&gt;SKU0384&lt;/SKUID&gt;&lt;qty&gt;34&lt;/qty&gt;&lt;description&gt;Part 
Number:387&lt;/description&gt;&lt;reference_data&gt;x&lt;/reference_data&gt;&lt;unitcost&gt;not 
listed&lt;/unitcost&gt;&lt;/SKU&gt;&lt;SKU&gt;&lt;SKUID&gt;SKU0385&lt;/SKUID&gt;&lt;qty&gt;56&lt;/qty&gt;&lt;description&gt;Part 
Number:591&lt;/description&gt;&lt;reference_data&gt;x&lt;/reference_data&gt;&lt;unitcost&gt;not 
listed&lt;/unitcost&gt;&lt;/SKU&gt;&lt;SKU&gt;&lt;SKUID&gt;SKU0386&lt;/SKUID&gt;&lt;qty&gt;19&lt;/qty&gt;&lt;description&gt;Part 
Number:320&lt;/description&gt;&lt;reference_data&gt;x&lt;/reference_data&gt;&lt;unitcost&gt;not 
listed&lt;/unitcost&gt;&lt;/SKU&gt;&lt;SKU&gt;&lt;SKUID&gt;SKU0387&lt;/SKUID&gt;&lt;qty&gt;21&lt;/qty&gt;&lt;description&gt;Part 
Number:829&lt;/description&gt;&lt;reference_data&gt;x&lt;/reference_data&gt;&lt;unitcost&gt;not 
listed&lt;/unitcost&gt;&lt;/SKU&gt;&lt;SKU&gt;&lt;SKUID&gt;SKU0388&lt;/SKUID&gt;&lt;qty&gt;5&lt;/qty&gt;&lt;description&gt;Part 
Number:955&lt;/description&gt;&lt;reference_data&gt;x&lt;/reference_data&gt;&lt;unitcost&gt;not 
listed&lt;/unitcost&gt;&lt;/SKU&gt;&lt;SKU&gt;&lt;SKUID&gt;SKU0389&lt;/SKUID&gt;&lt;qty&gt;52&lt;/qty&gt;&lt;description&gt;Part 
Number:883&lt;/description&gt;&lt;reference_data&gt;x&lt;/reference_data&gt;&lt;unitcost&gt;not 
listed&lt;/unitcost&gt;&lt;/SKU&gt;&lt;SKU&gt;&lt;SKUID&gt;SKU0390&lt;/SKUID&gt;&lt;qty&gt;18&lt;/qty&gt;&lt;description&gt;Part 
Number:62&lt;/description&gt;&lt;reference_data&gt;x&lt;/reference_data&gt;&lt;unitcost&gt;not 
listed&lt;/unitcost&gt;&lt;/SKU&gt;&lt;SKU&gt;&lt;SKUID&gt;SKU0391&lt;/SKUID&gt;&lt;qty&gt;16&lt;/qty&gt;&lt;description&gt;Part 
Number:766&lt;/description&gt;&lt;reference_data&gt;x&lt;/reference_data&gt;&lt;unitcost&gt;not 
listed&lt;/unitcost&gt;&lt;/SKU&gt;&lt;SKU&gt;&lt;SKUID&gt;SKU0392&lt;/SKUID&gt;&lt;qty&gt;47&lt;/qty&gt;&lt;description&gt;Part 
Number:387&lt;/description&gt;&lt;reference_data&gt;x&lt;/reference_data&gt;&lt;unitcost&gt;not 
listed&lt;/unitcost&gt;&lt;/SKU&gt;&lt;SKU&gt;&lt;SKUID&gt;SKU0393&lt;/SKUID&gt;&lt;qty&gt;96&lt;/qty&gt;&lt;description&gt;Part 
Number:3&lt;/description&gt;&lt;reference_data&gt;x&lt;/reference_data&gt;&lt;unitcost&gt;not 
listed&lt;/unitcost&gt;&lt;/SKU&gt;&lt;SKU&gt;&lt;SKUID&gt;SKU0394&lt;/SKUID&gt;&lt;qty&gt;91&lt;/qty&gt;&lt;description&gt;Part 
Number:967&lt;/description&gt;&lt;reference_data&gt;x&lt;/reference_data&gt;&lt;unitcost&gt;not 
listed&lt;/unitcost&gt;&lt;/SKU&gt;&lt;SKU&gt;&lt;SKUID&gt;SKU0395&lt;/SKUID&gt;&lt;qty&gt;96&lt;/qty&gt;&lt;description&gt;Part 
Number:166&lt;/description&gt;&lt;reference_data&gt;x&lt;/reference_data&gt;&lt;unitcost&gt;not 
listed&lt;/unitcost&gt;&lt;/SKU&gt;&lt;SKU&gt;&lt;SKUID&gt;SKU0396&lt;/SKUID&gt;&lt;qty&gt;26&lt;/qty&gt;&lt;description&gt;Part 
Number:22&lt;/description&gt;&lt;reference_data&gt;x&lt;/reference_data&gt;&lt;unitcost&gt;not 
listed&lt;/unitcost&gt;&lt;/SKU&gt;&lt;SKU&gt;&lt;SKUID&gt;SKU0397&lt;/SKUID&gt;&lt;qty&gt;93&lt;/qty&gt;&lt;description&gt;Part 
Number:168&lt;/description&gt;&lt;reference_data&gt;x&lt;/reference_data&gt;&lt;unitcost&gt;not 
listed&lt;/unitcost&gt;&lt;/SKU&gt;&lt;SKU&gt;&lt;SKUID&gt;SKU0398&lt;/SKUID&gt;&lt;qty&gt;73&lt;/qty&gt;&lt;description&gt;Part 
Number:594&lt;/description&gt;&lt;reference_data&gt;x&lt;/reference_data&gt;&lt;unitcost&gt;not 
listed&lt;/unitcost&gt;&lt;/SKU&gt;&lt;SKU&gt;&lt;SKUID&gt;SKU0399&lt;/SKUID&gt;&lt;qty&gt;65&lt;/qty&gt;&lt;description&gt;Part 
Number:707&lt;/description&gt;&lt;reference_data&gt;x&lt;/reference_data&gt;&lt;unitcost&gt;not 
listed&lt;/unitcost&gt;&lt;/SKU&gt;

&lt;/PartsList&gt;
&lt;/PartRequisition&gt;

</value>
  <record name="type" javaclass="com.wm.util.Values">
    <value name="node_type">unknown</value>
    <value name="field_name">xmldata</value>
    <value name="field_type">string</value>
    <value name="field_dim">0</value>
    <value name="field_opt">true</value>
    <value name="nillable">true</value>
  </record>
</Values>
</DATA>
</MAPSET>
</MAP>

<MAP MODE="OUTPUT">
</MAP>
</INVOKE>

<INVOKE TIMEOUT="" SERVICE="pub.xml:xmlNodeToDocument" VALIDATE-IN="$none" VALIDATE-OUT="$none">
  <COMMENT></COMMENT>

  <!-- nodes -->

<MAP MODE="INPUT">
</MAP>

<MAP MODE="OUTPUT">
  <MAPTARGET>

<Values version="2.0">
  <record name="xml" javaclass="com.wm.util.Values">
    <value name="node_type">record</value>
    <value name="field_type">record</value>
    <value name="field_dim">0</value>
    <value name="nillable">true</value>
    <array name="rec_fields" type="record" depth="1">
      <record javaclass="com.wm.util.Values">
        <value name="node_type">unknown</value>
        <value name="field_name">xmldata</value>
        <value name="field_type">string</value>
        <value name="field_dim">0</value>
        <value name="nillable">true</value>
      </record>
      <record javaclass="com.wm.util.Values">
        <value name="node_type">unknown</value>
        <value name="field_name">node</value>
        <value name="field_type">object</value>
        <value name="field_dim">0</value>
        <value name="nillable">true</value>
      </record>
      <record javaclass="com.wm.util.Values">
        <value name="node_type">record</value>
        <value name="field_name">document</value>
        <value name="field_type">record</value>
        <value name="field_dim">0</value>
        <value name="nillable">true</value>
        <array name="rec_fields" type="record" depth="1">
        </array>
      </record>
      <record javaclass="com.wm.util.Values">
        <value name="node_type">record</value>
        <value name="field_name">PartsRequest</value>
        <value name="field_type">recref</value>
        <value name="field_dim">0</value>
        <value name="nillable">true</value>
        <value name="rec_closed">true</value>
        <value name="rec_ref">advTraining.codeSvc.docs:PartsRequest</value>
      </record>
    </array>
  </record>
</Values>
</MAPTARGET>
  <MAPSOURCE>

<Values version="2.0">
  <record name="xml" javaclass="com.wm.util.Values">
    <value name="node_type">record</value>
    <value name="field_name">xmlNodeToDocumentOutput</value>
    <value name="field_type">record</value>
    <value name="field_dim">0</value>
    <value name="nillable">true</value>
    <array name="rec_fields" type="record" depth="1">
      <record javaclass="com.wm.util.Values">
        <value name="node_type">record</value>
        <value name="field_name">document</value>
        <value name="field_type">record</value>
        <value name="field_dim">0</value>
        <value name="nillable">true</value>
        <array name="rec_fields" type="record" depth="1">
        </array>
      </record>
    </array>
  </record>
</Values>
</MAPSOURCE>

  <!-- nodes -->

<MAPCOPY NAME="Link" FROM="/document;2;0" TO="/PartsRequest;4;0;advTrainingIS.codeSvc.docs:PartsRequest">
</MAPCOPY>

<MAPDELETE NAME="Dropper" FIELD="/xmldata;1;0">
</MAPDELETE>

<MAPDELETE NAME="Dropper" FIELD="/node;3;0">
</MAPDELETE>

<MAPDELETE NAME="Dropper" FIELD="/document;2;0">
</MAPDELETE>
</MAP>
</INVOKE>
</FLOW>
